image_id,arquivo,pasta,formato,dimensoes,modo,bytes,codigo_associado,duplicidade,duplicatas,marca_visivel,status
IMG-0001,AR001.jpg,MercadoLivre/A,jpg,1000x1000,RGB,60640,AR001,NAO,,NAO_OBSERVADA,PENDENTE_DIREITO_DE_USO
IMG-0002,AR002.jpg,MercadoLivre/A,jpg,1000x1000,RGB,162314,AR002,NAO,,NAO_OBSERVADA,PENDENTE_DIREITO_DE_USO
IMG-0003,AR003.jpg,MercadoLivre/A,jpg,1000x1000,RGB,71020,AR003,NAO,,NAO_OBSERVADA,PENDENTE_DIREITO_DE_USO
IMG-0004,AR004.jpg,MercadoLivre/A,jpg,1000x1000,RGB,82345,AR004,NAO,,NAO_OBSERVADA,PENDENTE_DIREITO_DE_USO
IMG-0005,AZ001.jpg,MercadoLivre/A,jpg,1000x1000,RGB,123679,AZ001,NAO,,NAO_OBSERVADA,PENDENTE_DIREITO_DE_USO
IMG-0006,AZ002.jpg,MercadoLivre/A,jpg,1000x1000,RGB,137666,AZ002,NAO,,NAO_OBSERVADA,PENDENTE_DIREITO_DE_USO
IMG-0007,AZ003.jpg,MercadoLivre/A,jpg,1000x1000,RGB,122265,AZ003,NAO,,NAO_OBSERVADA,PENDENTE_DIREITO_DE_USO
IMG-0008,AZ005.jpg,MercadoLivre/A,jpg,1000x1000,RGB,71787,AZ005,NAO,,NAO_OBSERVADA,PENDENTE_DIREITO_DE_USO
IMG-0009,AZ006.jpg,MercadoLivre/A,jpg,1000x1000,RGB,48931,AZ006,NAO,,NAO_OBSERVADA,PENDENTE_DIREITO_DE_USO
IMG-0010,AZ007.jpg,MercadoLivre/A,jpg,1000x1000,RGB,93027,AZ007,NAO,,NAO_OBSERVADA,PENDENTE_DIREITO_DE_USO
IMG-0011,BA005.jpg,MercadoLivre/A,jpg,1000x1000,RGB,110576,BA005,SIM,"BA006.jpg,BA010.jpg,BA013.jpg",SIM,PENDENTE_MARCA_VISIVEL
IMG-0012,BA006.jpg,MercadoLivre/A,jpg,1000x1000,RGB,110576,BA006,SIM,"BA005.jpg,BA010.jpg,BA013.jpg",SIM,PENDENTE_MARCA_VISIVEL
IMG-0013,BA010.jpg,MercadoLivre/A,jpg,1000x1000,RGB,110576,BA010,SIM,"BA005.jpg,BA006.jpg,BA013.jpg",SIM,PENDENTE_MARCA_VISIVEL
IMG-0014,BA011.jpg,MercadoLivre/A,jpg,1000x1000,RGB,116510,BA011,NAO,,NAO_OBSERVADA,PENDENTE_DIREITO_DE_USO
IMG-0015,BA013.jpg,MercadoLivre/A,jpg,1000x1000,RGB,110576,BA013,SIM,"BA005.jpg,BA006.jpg,BA010.jpg",SIM,PENDENTE_MARCA_VISIVEL
IMG-0016,BA014.jpg,MercadoLivre/A,jpg,1000x1000,RGB,105631,BA014,NAO,,NAO_OBSERVADA,PENDENTE_DIREITO_DE_USO
IMG-0017,BV002.jpg,MercadoLivre/A,jpg,1000x1000,RGB,51695,BV002,NAO,,NAO_OBSERVADA,PENDENTE_DIREITO_DE_USO
IMG-0018,BV005.jpg,MercadoLivre/A,jpg,1000x1000,RGB,75070,BV005,NAO,,SIM,PENDENTE_MARCA_VISIVEL
IMG-0019,BV006.jpg,MercadoLivre/A,jpg,1000x1000,RGB,89930,BV006,NAO,,NAO_OBSERVADA,PENDENTE_DIREITO_DE_USO
IMG-0020,BV007.jpg,MercadoLivre/A,jpg,1000x1000,RGB,175246,BV007,NAO,,NAO_OBSERVADA,PENDENTE_DIREITO_DE_USO
IMG-0021,LM002.jpg,MercadoLivre/A,jpg,1000x1000,RGB,87764,LM002,NAO,,SIM,PENDENTE_MARCA_VISIVEL
IMG-0022,SR001.jpg,MercadoLivre/A,jpg,1000x1000,RGB,67279,SR001,NAO,,NAO_OBSERVADA,PENDENTE_DIREITO_DE_USO
IMG-0023,SR002.jpg,MercadoLivre/A,jpg,1000x1000,RGB,49923,SR002,NAO,,NAO_OBSERVADA,PENDENTE_DIREITO_DE_USO
IMG-0024,SR003.jpg,MercadoLivre/A,jpg,1000x1000,RGB,94479,SR003,NAO,,NAO_OBSERVADA,PENDENTE_DIREITO_DE_USO
IMG-0025,SR004.jpg,MercadoLivre/A,jpg,1000x1000,RGB,37176,SR004,NAO,,NAO_OBSERVADA,PENDENTE_DIREITO_DE_USO
IMG-0026,SR005.jpg,MercadoLivre/A,jpg,1000x1000,RGB,83106,SR005,SIM,SR006.jpg,NAO_OBSERVADA,PENDENTE_DIREITO_DE_USO
IMG-0027,SR006.jpg,MercadoLivre/A,jpg,1000x1000,RGB,83106,SR006,SIM,SR005.jpg,NAO_OBSERVADA,PENDENTE_DIREITO_DE_USO
IMG-0028,SR008.jpg,MercadoLivre/A,jpg,1000x1000,RGB,31017,SR008,SIM,SR009.jpg,NAO_OBSERVADA,PENDENTE_DIREITO_DE_USO
IMG-0029,SR009.jpg,MercadoLivre/A,jpg,1000x1000,RGB,31017,SR009,SIM,SR008.jpg,NAO_OBSERVADA,PENDENTE_DIREITO_DE_USO
IMG-0030,SR010.jpg,MercadoLivre/A,jpg,1000x1000,RGB,43917,SR010,NAO,,NAO_OBSERVADA,PENDENTE_DIREITO_DE_USO
IMG-0031,SR011.jpg,MercadoLivre/A,jpg,1000x1000,RGB,40463,SR011,NAO,,NAO_OBSERVADA,PENDENTE_DIREITO_DE_USO
IMG-0032,SR012.jpg,MercadoLivre/A,jpg,1000x1000,RGB,87983,SR012,NAO,,NAO_OBSERVADA,PENDENTE_DIREITO_DE_USO
IMG-0033,TB001.jpg,MercadoLivre/A,jpg,1000x1000,RGB,99811,TB001,NAO,,NAO_OBSERVADA,PENDENTE_DIREITO_DE_USO
IMG-0034,TB003.jpg,MercadoLivre/A,jpg,1000x1000,RGB,157996,TB003,NAO,,NAO_OBSERVADA,PENDENTE_DIREITO_DE_USO
IMG-0035,TB004.jpg,MercadoLivre/A,jpg,1000x1000,RGB,139319,TB004,SIM,TB005.jpg,NAO_OBSERVADA,PENDENTE_DIREITO_DE_USO
IMG-0036,TB005.jpg,MercadoLivre/A,jpg,1000x1000,RGB,139319,TB005,SIM,TB004.jpg,NAO_OBSERVADA,PENDENTE_DIREITO_DE_USO
IMG-0037,TE001.jpg,MercadoLivre/A,jpg,1000x1000,RGB,101179,TE001,NAO,,SIM,PENDENTE_MARCA_VISIVEL
IMG-0038,TE003.jpg,MercadoLivre/A,jpg,1000x1000,RGB,77163,TE003,NAO,,NAO_OBSERVADA,PENDENTE_DIREITO_DE_USO
IMG-0039,TE004.jpg,MercadoLivre/A,jpg,1000x1000,RGB,60497,TE004,NAO,,NAO_OBSERVADA,PENDENTE_DIREITO_DE_USO
IMG-0040,VR001.jpg,MercadoLivre/A,jpg,1000x1000,RGB,91770,VR001,NAO,,NAO_OBSERVADA,PENDENTE_DIREITO_DE_USO
IMG-0041,VR002.jpg,MercadoLivre/A,jpg,1000x1000,RGB,82030,VR002,NAO,,NAO_OBSERVADA,PENDENTE_DIREITO_DE_USO
IMG-0042,VR003.jpg,MercadoLivre/A,jpg,1000x1000,RGB,163036,VR003,NAO,,SIM,PENDENTE_MARCA_VISIVEL
IMG-0043,VR004.jpg,MercadoLivre/A,jpg,1000x1000,RGB,108428,VR004,NAO,,SIM,PENDENTE_MARCA_VISIVEL
IMG-0044,VR005.jpg,MercadoLivre/A,jpg,1000x1000,RGB,69102,VR005,NAO,,NAO_OBSERVADA,PENDENTE_DIREITO_DE_USO
IMG-0045,VR006.jpg,MercadoLivre/A,jpg,1000x1000,RGB,115147,VR006,NAO,,NAO_OBSERVADA,PENDENTE_DIREITO_DE_USO
IMG-0046,VR008.jpg,MercadoLivre/A,jpg,1000x1000,RGB,123811,VR008,NAO,,NAO_OBSERVADA,PENDENTE_DIREITO_DE_USO
IMG-0047,VR009.jpg,MercadoLivre/A,jpg,1000x1000,RGB,104637,VR009,NAO,,NAO_OBSERVADA,PENDENTE_DIREITO_DE_USO
IMG-0048,VR011.jpg,MercadoLivre/A,jpg,1000x1000,RGB,74638,VR011,NAO,,NAO_OBSERVADA,PENDENTE_DIREITO_DE_USO
IMG-0049,VR012.jpg,MercadoLivre/A,jpg,1000x1000,RGB,104931,VR012,NAO,,NAO_OBSERVADA,PENDENTE_DIREITO_DE_USO
IMG-0050,VR013.jpg,MercadoLivre/A,jpg,1000x1000,RGB,97399,VR013,NAO,,NAO_OBSERVADA,PENDENTE_DIREITO_DE_USO
IMG-0051,AG004.png,MercadoLivre/,png,1000x504,RGB,47253,AG004,NAO,,NAO_OBSERVADA,PENDENTE_DIREITO_DE_USO
IMG-0052,AG005.png,MercadoLivre/,png,1000x860,RGB,290908,AG005,NAO,,NAO_OBSERVADA,PENDENTE_DIREITO_DE_USO
IMG-0053,AG006.png,MercadoLivre/,png,1000x708,RGB,275616,AG006,NAO,,NAO_OBSERVADA,PENDENTE_DIREITO_DE_USO
IMG-0054,AG007.png,MercadoLivre/,png,1000x780,RGB,130957,AG007,NAO,,NAO_OBSERVADA,PENDENTE_DIREITO_DE_USO
IMG-0055,AG010.png,MercadoLivre/,png,1000x827,RGB,294271,AG010,NAO,,NAO_OBSERVADA,PENDENTE_DIREITO_DE_USO
IMG-0056,AG011.png,MercadoLivre/,png,1000x861,RGB,77058,AG011,NAO,,NAO_OBSERVADA,PENDENTE_DIREITO_DE_USO
IMG-0057,AG012.png,MercadoLivre/,png,1000x1222,RGB,344148,AG012,NAO,,NAO_OBSERVADA,PENDENTE_DIREITO_DE_USO
IMG-0058,AR001.png,MercadoLivre/,png,1000x692,RGB,116016,AR001,NAO,,NAO_OBSERVADA,PENDENTE_DIREITO_DE_USO
IMG-0059,AR002.png,MercadoLivre/,png,1000x952,RGB,337434,AR002,NAO,,NAO_OBSERVADA,PENDENTE_DIREITO_DE_USO
IMG-0060,AR003.png,MercadoLivre/,png,1000x789,RGB,136106,AR003,NAO,,NAO_OBSERVADA,PENDENTE_DIREITO_DE_USO
IMG-0061,AR004.png,MercadoLivre/,png,1000x493,RGB,169472,AR004,NAO,,NAO_OBSERVADA,PENDENTE_DIREITO_DE_USO
IMG-0062,BA003.png,MercadoLivre/,png,1000x1000,RGB,237944,BA003,NAO,,NAO_OBSERVADA,PENDENTE_DIREITO_DE_USO
IMG-0063,BA004.png,MercadoLivre/,png,1000x1002,RGB,306871,BA004,NAO,,NAO_OBSERVADA,PENDENTE_DIREITO_DE_USO
IMG-0064,BA006.png,MercadoLivre/,png,1000x1427,RGB,508450,BA006,NAO,,SIM,PENDENTE_MARCA_VISIVEL
IMG-0065,BA009.png,MercadoLivre/,png,1000x1331,RGB,513271,BA009,NAO,,SIM,PENDENTE_MARCA_VISIVEL
IMG-0066,BA010.png,MercadoLivre/,png,1000x1000,RGB,251414,BA010,NAO,,SIM,PENDENTE_MARCA_VISIVEL
IMG-0067,BA014.png,MercadoLivre/,png,1000x750,RGB,347091,BA014,NAO,,NAO_OBSERVADA,PENDENTE_DIREITO_DE_USO
IMG-0068,BB001.png,MercadoLivre/,png,1000x1000,RGB,354987,BB001,NAO,,NAO_OBSERVADA,PENDENTE_DIREITO_DE_USO
IMG-0069,BB002.png,MercadoLivre/,png,1000x744,RGB,157813,BB002,NAO,,NAO_OBSERVADA,PENDENTE_DIREITO_DE_USO
IMG-0070,BB003.png,MercadoLivre/,png,1000x978,RGB,276862,BB003,NAO,,NAO_OBSERVADA,PENDENTE_DIREITO_DE_USO
IMG-0071,BB004.png,MercadoLivre/,png,1000x744,RGB,244908,BB004,NAO,,NAO_OBSERVADA,PENDENTE_DIREITO_DE_USO
IMG-0072,BV001.png,MercadoLivre/,png,1000x789,RGB,69953,BV001,NAO,,NAO_OBSERVADA,PENDENTE_DIREITO_DE_USO
IMG-0073,BV002.png,MercadoLivre/,png,1000x950,RGB,114892,BV002,NAO,,NAO_OBSERVADA,PENDENTE_DIREITO_DE_USO
IMG-0074,BV003.png,MercadoLivre/,png,1000x1113,RGB,264985,BV003,NAO,,NAO_OBSERVADA,PENDENTE_DIREITO_DE_USO
IMG-0075,BV004.png,MercadoLivre/,png,1000x699,RGB,317220,BV004,NAO,,NAO_OBSERVADA,PENDENTE_DIREITO_DE_USO
IMG-0076,BV005.png,MercadoLivre/,png,1000x1412,RGB,285249,BV005,NAO,,SIM,PENDENTE_MARCA_VISIVEL
IMG-0077,BV006.png,MercadoLivre/,png,1000x785,RGB,163942,BV006,NAO,,NAO_OBSERVADA,PENDENTE_DIREITO_DE_USO
IMG-0078,BV008.png,MercadoLivre/,png,1000x791,RGB,59143,BV008,NAO,,NAO_OBSERVADA,PENDENTE_DIREITO_DE_USO
IMG-0079,BV009.png,MercadoLivre/,png,1000x665,RGB,291488,BV009,NAO,,NAO_OBSERVADA,PENDENTE_DIREITO_DE_USO
IMG-0080,CO001.png,MercadoLivre/,png,1000x970,RGB,300082,CO001,NAO,,NAO_OBSERVADA,PENDENTE_DIREITO_DE_USO
IMG-0081,LM003.png,MercadoLivre/,png,1000x338,RGB,173083,LM003,NAO,,NAO_OBSERVADA,PENDENTE_DIREITO_DE_USO
IMG-0082,PE075.png,MercadoLivre/,png,1000x1000,RGB,121957,PE075,NAO,,NAO_OBSERVADA,PENDENTE_DIREITO_DE_USO
IMG-0083,PE076.png,MercadoLivre/,png,1000x894,RGB,162562,PE076,NAO,,NAO_OBSERVADA,PENDENTE_DIREITO_DE_USO
IMG-0084,PE078.png,MercadoLivre/,png,1000x884,RGB,139299,PE078,NAO,,NAO_OBSERVADA,PENDENTE_DIREITO_DE_USO
IMG-0085,PE079.png,MercadoLivre/,png,1000x1000,RGB,183924,PE079,NAO,,NAO_OBSERVADA,PENDENTE_DIREITO_DE_USO
IMG-0086,SE001.png,MercadoLivre/,png,1000x1000,RGB,183920,SE001,NAO,,NAO_OBSERVADA,PENDENTE_DIREITO_DE_USO
IMG-0087,SR003.png,MercadoLivre/,png,1000x1284,RGB,121041,SR003,NAO,,NAO_OBSERVADA,PENDENTE_DIREITO_DE_USO
IMG-0088,SR004.png,MercadoLivre/,png,1000x780,RGB,82747,SR004,NAO,,NAO_OBSERVADA,PENDENTE_DIREITO_DE_USO
IMG-0089,SR005.png,MercadoLivre/,png,1000x1282,RGB,180810,SR005,NAO,,NAO_OBSERVADA,PENDENTE_DIREITO_DE_USO
IMG-0090,SR007.png,MercadoLivre/,png,1000x886,RGB,220054,SR007,NAO,,NAO_OBSERVADA,PENDENTE_DIREITO_DE_USO
IMG-0091,SR010.png,MercadoLivre/,png,1000x993,RGB,87654,SR010,NAO,,NAO_OBSERVADA,PENDENTE_DIREITO_DE_USO
IMG-0092,SR011.png,MercadoLivre/,png,1000x782,RGB,132863,SR011,NAO,,NAO_OBSERVADA,PENDENTE_DIREITO_DE_USO
IMG-0093,SR025.png,MercadoLivre/,png,1000x1286,RGB,505594,SR025,NAO,,SIM,PENDENTE_MARCA_VISIVEL
IMG-0094,SR026.png,MercadoLivre/,png,1000x780,RGB,238070,SR026,NAO,,SIM,PENDENTE_MARCA_VISIVEL
IMG-0095,SR027.png,MercadoLivre/,png,1000x780,RGB,238922,SR027,NAO,,SIM,PENDENTE_MARCA_VISIVEL
IMG-0096,SR029.png,MercadoLivre/,png,1000x779,RGB,67280,SR029,NAO,,SIM,PENDENTE_MARCA_VISIVEL
IMG-0097,TB001.png,MercadoLivre/,png,1000x837,RGB,344179,TB001,NAO,,NAO_OBSERVADA,PENDENTE_DIREITO_DE_USO
IMG-0098,TB004.png,MercadoLivre/,png,1000x787,RGB,139993,TB004,NAO,,NAO_OBSERVADA,PENDENTE_DIREITO_DE_USO
IMG-0099,TB007.png,MercadoLivre/,png,1000x955,RGB,209132,TB007,NAO,,NAO_OBSERVADA,PENDENTE_DIREITO_DE_USO
IMG-0100,TE001.png,MercadoLivre/,png,1000x730,RGB,557306,TE001,NAO,,SIM,PENDENTE_MARCA_VISIVEL
IMG-0101,VR001.png,MercadoLivre/,png,1000x1058,RGB,273797,VR001,NAO,,NAO_OBSERVADA,PENDENTE_DIREITO_DE_USO
IMG-0102,VR002.png,MercadoLivre/,png,1000x1000,RGB,217984,VR002,NAO,,NAO_OBSERVADA,PENDENTE_DIREITO_DE_USO
IMG-0103,VR003.png,MercadoLivre/,png,1000x802,RGB,264415,VR003,NAO,,SIM,PENDENTE_MARCA_VISIVEL
IMG-0104,VR004.png,MercadoLivre/,png,1000x987,RGB,291016,VR004,NAO,,SIM,PENDENTE_MARCA_VISIVEL
IMG-0105,VR005.png,MercadoLivre/,png,1000x1275,RGB,380266,VR005,NAO,,NAO_OBSERVADA,PENDENTE_DIREITO_DE_USO
IMG-0106,VR006.png,MercadoLivre/,png,1000x643,RGB,234719,VR006,NAO,,NAO_OBSERVADA,PENDENTE_DIREITO_DE_USO
IMG-0107,VR008.png,MercadoLivre/,png,1000x802,RGB,222359,VR008,NAO,,NAO_OBSERVADA,PENDENTE_DIREITO_DE_USO
IMG-0108,VR009.png,MercadoLivre/,png,1000x687,RGB,205528,VR009,NAO,,NAO_OBSERVADA,PENDENTE_DIREITO_DE_USO
IMG-0109,VR010.png,MercadoLivre/,png,1000x1639,RGB,548715,VR010,NAO,,NAO_OBSERVADA,PENDENTE_DIREITO_DE_USO
IMG-0110,ag020.png,MercadoLivre/,png,1000x1000,RGB,187395,AG020,NAO,,NAO_OBSERVADA,PENDENTE_DIREITO_DE_USO
IMG-0111,favicon.ico,site/,ico,134x134,RGBA,74566,,NAO,,NAO_OBSERVADA,NAO_AVALIADA_PRODUTO
IMG-0112,hero-bg.png,site/,png,1075x518,RGBA,1271114,,NAO,,NAO_OBSERVADA,NAO_AVALIADA_PRODUTO
IMG-0113,logo.png,site/,png,3726x1129,RGBA,63862,,NAO,,NAO_OBSERVADA,NAO_AVALIADA_PRODUTO
IMG-0114,logo.webp,site/,webp,3726x1129,RGBA,9432,,NAO,,NAO_OBSERVADA,NAO_AVALIADA_PRODUTO
IMG-0115,logotipo.png,site/,png,881x1129,RGBA,19370,,NAO,,NAO_OBSERVADA,NAO_AVALIADA_PRODUTO
IMG-0116,logotipoavizee.png,site/,png,2795x1129,RGBA,19874,,NAO,,NAO_OBSERVADA,NAO_AVALIADA_PRODUTO
IMG-0117,ag001.jpg,site/products,jpg,519x242,RGB,8284,AG001,NAO,,NAO_OBSERVADA,PENDENTE_DIREITO_DE_USO
IMG-0118,ag011.jpg,site/products,jpg,482x177,RGB,8478,AG011,NAO,,NAO_OBSERVADA,PENDENTE_DIREITO_DE_USO
IMG-0119,ag020.jpg,site/products,jpg,453x174,RGB,7170,AG020,NAO,,NAO_OBSERVADA,PENDENTE_DIREITO_DE_USO
IMG-0120,ag021.jpg,site/products,jpg,446x225,RGB,3783,AG021,NAO,,NAO_OBSERVADA,PENDENTE_DIREITO_DE_USO
IMG-0121,ar001.jpg,site/products,jpg,467x314,RGB,13219,AR001,NAO,,NAO_OBSERVADA,PENDENTE_DIREITO_DE_USO
IMG-0122,ar002.jpg,site/products,jpg,425x404,RGB,24356,AR002,NAO,,NAO_OBSERVADA,PENDENTE_DIREITO_DE_USO
IMG-0123,ar003.jpg,site/products,jpg,486x320,RGB,15902,AR003,NAO,,NAO_OBSERVADA,PENDENTE_DIREITO_DE_USO
IMG-0124,ar004.jpg,site/products,jpg,479x236,RGB,18886,AR004,NAO,,NAO_OBSERVADA,PENDENTE_DIREITO_DE_USO
IMG-0125,az001.jpg,site/products,jpg,380x272,RGB,15720,AZ001,NAO,,NAO_OBSERVADA,PENDENTE_DIREITO_DE_USO
IMG-0126,az002.jpg,site/products,jpg,439x311,RGB,17931,AZ002,NAO,,NAO_OBSERVADA,PENDENTE_DIREITO_DE_USO
IMG-0127,az003.jpg,site/products,jpg,455x392,RGB,21407,AZ003,NAO,,NAO_OBSERVADA,PENDENTE_DIREITO_DE_USO
IMG-0128,az004.jpg,site/products,jpg,313x380,RGB,16249,AZ004,NAO,,NAO_OBSERVADA,PENDENTE_DIREITO_DE_USO
IMG-0129,az005.jpg,site/products,jpg,224x182,RGB,4737,AZ005,NAO,,NAO_OBSERVADA,PENDENTE_DIREITO_DE_USO
IMG-0130,az006.jpg,site/products,jpg,409x154,RGB,7870,AZ006,NAO,,NAO_OBSERVADA,PENDENTE_DIREITO_DE_USO
IMG-0131,ba003.jpg,site/products,jpg,176x389,RGB,14407,BA003,NAO,,NAO_OBSERVADA,PENDENTE_DIREITO_DE_USO
IMG-0132,ba005.jpg,site/products,jpg,239x341,RGB,11696,BA005,NAO,,SIM,PENDENTE_MARCA_VISIVEL
IMG-0133,ba007.jpg,site/products,jpg,400x208,RGB,13730,BA007,NAO,,NAO_OBSERVADA,PENDENTE_DIREITO_DE_USO
IMG-0134,ba008.jpg,site/products,jpg,226x243,RGB,9470,BA008,NAO,,SIM,PENDENTE_MARCA_VISIVEL
IMG-0135,ba011.jpg,site/products,jpg,212x196,RGB,7765,BA011,NAO,,NAO_OBSERVADA,PENDENTE_DIREITO_DE_USO
IMG-0136,ba012.jpg,site/products,jpg,221x238,RGB,6839,BA012,NAO,,NAO_OBSERVADA,PENDENTE_DIREITO_DE_USO
IMG-0137,ba014.jpg,site/products,jpg,347x372,RGB,17972,BA014,NAO,,NAO_OBSERVADA,PENDENTE_DIREITO_DE_USO
IMG-0138,bb001.jpg,site/products,jpg,364x363,RGB,20136,BB001,NAO,,NAO_OBSERVADA,PENDENTE_DIREITO_DE_USO
IMG-0139,bb003.jpg,site/products,jpg,270x322,RGB,13906,BB003,NAO,,NAO_OBSERVADA,PENDENTE_DIREITO_DE_USO
IMG-0140,bi001.jpg,site/products,jpg,278x243,RGB,11208,BI001,NAO,,NAO_OBSERVADA,PENDENTE_DIREITO_DE_USO
IMG-0141,bi002.jpg,site/products,jpg,481x208,RGB,14098,BI002,NAO,,NAO_OBSERVADA,PENDENTE_DIREITO_DE_USO
IMG-0142,bv001.jpg,site/products,jpg,368x165,RGB,5406,BV001,NAO,,NAO_OBSERVADA,PENDENTE_DIREITO_DE_USO
IMG-0143,bv002.jpg,site/products,jpg,414x202,RGB,10133,BV002,NAO,,NAO_OBSERVADA,PENDENTE_DIREITO_DE_USO
IMG-0144,bv003.jpg,site/products,jpg,371x413,RGB,13977,BV003,NAO,,NAO_OBSERVADA,PENDENTE_DIREITO_DE_USO
IMG-0145,bv004.jpg,site/products,jpg,479x335,RGB,22784,BV004,NAO,,NAO_OBSERVADA,PENDENTE_DIREITO_DE_USO
IMG-0146,bv005.jpg,site/products,jpg,240x393,RGB,13859,BV005,NAO,,SIM,PENDENTE_MARCA_VISIVEL
IMG-0147,bv006.jpg,site/products,jpg,161x316,RGB,13858,BV006,NAO,,NAO_OBSERVADA,PENDENTE_DIREITO_DE_USO
IMG-0148,bv007.jpg,site/products,jpg,350x233,RGB,14749,BV007,NAO,,NAO_OBSERVADA,PENDENTE_DIREITO_DE_USO
IMG-0149,bv008.jpg,site/products,jpg,179x352,RGB,5607,BV008,NAO,,NAO_OBSERVADA,PENDENTE_DIREITO_DE_USO
IMG-0150,bv009.jpg,site/products,jpg,400x266,RGB,14431,BV009,NAO,,NAO_OBSERVADA,PENDENTE_DIREITO_DE_USO
IMG-0151,co001.jpg,site/products,jpg,370x363,RGB,15172,CO001,NAO,,NAO_OBSERVADA,PENDENTE_DIREITO_DE_USO
IMG-0152,lm001.jpg,site/products,jpg,499x197,RGB,12156,LM001,NAO,,SIM,PENDENTE_MARCA_VISIVEL
IMG-0153,lm002.jpg,site/products,jpg,454x174,RGB,10787,LM002,NAO,,SIM,PENDENTE_MARCA_VISIVEL
IMG-0154,lm003.jpg,site/products,jpg,385x172,RGB,7749,LM003,NAO,,NAO_OBSERVADA,PENDENTE_DIREITO_DE_USO
IMG-0155,se001.jpg,site/products,jpg,327x318,RGB,11418,SE001,NAO,,NAO_OBSERVADA,PENDENTE_DIREITO_DE_USO
IMG-0156,sr001.jpg,site/products,jpg,468x191,RGB,9254,SR001,NAO,,NAO_OBSERVADA,PENDENTE_DIREITO_DE_USO
IMG-0157,sr002.jpg,site/products,jpg,377x250,RGB,13462,SR002,NAO,,NAO_OBSERVADA,PENDENTE_DIREITO_DE_USO
IMG-0158,sr003.jpg,site/products,jpg,610x385,RGB,23969,SR003,NAO,,NAO_OBSERVADA,PENDENTE_DIREITO_DE_USO
IMG-0159,sr004.jpg,site/products,jpg,52x387,RGB,6334,SR004,NAO,,NAO_OBSERVADA,PENDENTE_DIREITO_DE_USO
IMG-0160,sr005.jpg,site/products,jpg,291x387,RGB,17908,SR005,NAO,,NAO_OBSERVADA,PENDENTE_DIREITO_DE_USO
IMG-0161,sr007.jpg,site/products,jpg,697x457,RGB,26157,SR007,NAO,,NAO_OBSERVADA,PENDENTE_DIREITO_DE_USO
IMG-0162,sr010.jpg,site/products,jpg,99x505,RGB,11329,SR010,NAO,,NAO_OBSERVADA,PENDENTE_DIREITO_DE_USO
IMG-0163,sr011.jpg,site/products,jpg,367x224,RGB,6851,SR011,NAO,,NAO_OBSERVADA,PENDENTE_DIREITO_DE_USO
IMG-0164,sr012.jpg,site/products,jpg,358x275,RGB,13437,SR012,NAO,,NAO_OBSERVADA,PENDENTE_DIREITO_DE_USO
IMG-0165,sr025.jpg,site/products,jpg,306x311,RGB,11750,SR025,NAO,,SIM,PENDENTE_MARCA_VISIVEL
IMG-0166,sr026.jpg,site/products,jpg,291x293,RGB,11460,SR026,NAO,,SIM,PENDENTE_MARCA_VISIVEL
IMG-0167,sr027.jpg,site/products,jpg,512x95,RGB,9207,SR027,NAO,,SIM,PENDENTE_MARCA_VISIVEL
IMG-0168,sr029.jpg,site/products,jpg,404x296,RGB,23081,SR029,NAO,,SIM,PENDENTE_MARCA_VISIVEL
IMG-0169,tb001.jpg,site/products,jpg,181x314,RGB,9447,TB001,NAO,,NAO_OBSERVADA,PENDENTE_DIREITO_DE_USO
IMG-0170,tb003.jpg,site/products,jpg,550x404,RGB,51816,TB003,NAO,,NAO_OBSERVADA,PENDENTE_DIREITO_DE_USO
IMG-0171,tb005.jpg,site/products,jpg,456x329,RGB,26260,TB005,NAO,,NAO_OBSERVADA,PENDENTE_DIREITO_DE_USO
IMG-0172,te001.jpg,site/products,jpg,383x251,RGB,13108,TE001,NAO,,SIM,PENDENTE_MARCA_VISIVEL
IMG-0173,te002.jpg,site/products,jpg,170x144,RGB,7135,TE002,NAO,,SIM,PENDENTE_MARCA_VISIVEL
IMG-0174,te003.jpg,site/products,jpg,339x282,RGB,7231,TE003,NAO,,NAO_OBSERVADA,PENDENTE_DIREITO_DE_USO
IMG-0175,te004.jpg,site/products,jpg,325x356,RGB,12076,TE004,NAO,,NAO_OBSERVADA,PENDENTE_DIREITO_DE_USO
IMG-0176,vr001.jpg,site/products,jpg,398x421,RGB,15970,VR001,NAO,,NAO_OBSERVADA,PENDENTE_DIREITO_DE_USO
IMG-0177,vr002.jpg,site/products,jpg,281x389,RGB,13061,VR002,NAO,,NAO_OBSERVADA,PENDENTE_DIREITO_DE_USO
IMG-0178,vr003.jpg,site/products,jpg,421x276,RGB,22680,VR003,NAO,,SIM,PENDENTE_MARCA_VISIVEL
IMG-0179,vr004.jpg,site/products,jpg,355x351,RGB,14992,VR004,NAO,,SIM,PENDENTE_MARCA_VISIVEL
IMG-0180,vr005.jpg,site/products,jpg,137x366,RGB,14115,VR005,NAO,,NAO_OBSERVADA,PENDENTE_DIREITO_DE_USO
IMG-0181,vr006.jpg,site/products,jpg,411x279,RGB,13591,VR006,NAO,,NAO_OBSERVADA,PENDENTE_DIREITO_DE_USO
IMG-0182,vr007.jpg,site/products,jpg,270x214,RGB,6774,VR007,NAO,,NAO_OBSERVADA,PENDENTE_DIREITO_DE_USO
IMG-0183,vr008.jpg,site/products,jpg,316x323,RGB,18514,VR008,NAO,,NAO_OBSERVADA,PENDENTE_DIREITO_DE_USO
IMG-0184,vr009.jpg,site/products,jpg,445x301,RGB,15233,VR009,NAO,,NAO_OBSERVADA,PENDENTE_DIREITO_DE_USO
IMG-0185,vr010.jpg,site/products,jpg,246x391,RGB,17789,VR010,NAO,,NAO_OBSERVADA,PENDENTE_DIREITO_DE_USO
IMG-0186,vr011.jpg,site/products,jpg,182x249,RGB,4515,VR011,NAO,,NAO_OBSERVADA,PENDENTE_DIREITO_DE_USO
IMG-0187,vr012.jpg,site/products,jpg,304x286,RGB,10531,VR012,NAO,,NAO_OBSERVADA,PENDENTE_DIREITO_DE_USO
IMG-0188,vr013.jpg,site/products,jpg,213x280,RGB,7993,VR013,NAO,,NAO_OBSERVADA,PENDENTE_DIREITO_DE_USO
