produto_audit_id,sku,familia_provisoria,image_id,tipo_de_relacao,status_imagem,uso_recomendado,pendencia,prioridade
PROD-0001,AG001,AG,IMG-0117,EXATA,PENDENTE_DIREITO_DE_USO,REVISAR,confirmar direito de uso,MEDIA
PROD-0002,AG002,AG,,NAO_CONFIRMADA,SEM_IMAGEM,PLACEHOLDER,fotografia necessaria,ALTA
PROD-0003,AG003,AG,,NAO_CONFIRMADA,SEM_IMAGEM,PLACEHOLDER,fotografia necessaria,ALTA
PROD-0004,AG004,AG,IMG-0051,EXATA,PENDENTE_DIREITO_DE_USO,REVISAR,confirmar direito de uso,MEDIA
PROD-0005,AG005,AG,IMG-0052,EXATA,PENDENTE_DIREITO_DE_USO,REVISAR,confirmar direito de uso,MEDIA
PROD-0006,AG006,AG,IMG-0053,EXATA,PENDENTE_DIREITO_DE_USO,REVISAR,confirmar direito de uso,MEDIA
PROD-0007,AG007,AG,IMG-0054,EXATA,PENDENTE_DIREITO_DE_USO,REVISAR,confirmar direito de uso,MEDIA
PROD-0008,AG008,AG,,NAO_CONFIRMADA,SEM_IMAGEM,PLACEHOLDER,fotografia necessaria,ALTA
PROD-0009,AG009,AG,,NAO_CONFIRMADA,SEM_IMAGEM,PLACEHOLDER,fotografia necessaria,ALTA
PROD-0010,AG010,AG,IMG-0055,EXATA,PENDENTE_DIREITO_DE_USO,REVISAR,confirmar direito de uso,MEDIA
PROD-0011,AG011,AG,IMG-0056,EXATA,PENDENTE_DIREITO_DE_USO,REVISAR,confirmar direito de uso,MEDIA
PROD-0011,AG011,AG,IMG-0118,EXATA,PENDENTE_DIREITO_DE_USO,REVISAR,confirmar direito de uso,MEDIA
PROD-0012,AG012,AG,IMG-0057,EXATA,PENDENTE_DIREITO_DE_USO,REVISAR,confirmar direito de uso,MEDIA
PROD-0013,AG013,AG,,NAO_CONFIRMADA,SEM_IMAGEM,PLACEHOLDER,fotografia necessaria,ALTA
PROD-0014,AG014,AG,,NAO_CONFIRMADA,SEM_IMAGEM,PLACEHOLDER,fotografia necessaria,ALTA
PROD-0015,AG015,AG,,NAO_CONFIRMADA,SEM_IMAGEM,PLACEHOLDER,fotografia necessaria,ALTA
PROD-0016,AG016,AG,,NAO_CONFIRMADA,SEM_IMAGEM,PLACEHOLDER,fotografia necessaria,ALTA
PROD-0017,AG017,AG,,NAO_CONFIRMADA,SEM_IMAGEM,PLACEHOLDER,fotografia necessaria,ALTA
PROD-0018,AG018,AG,,NAO_CONFIRMADA,SEM_IMAGEM,PLACEHOLDER,fotografia necessaria,ALTA
PROD-0019,AG019,AG,,NAO_CONFIRMADA,SEM_IMAGEM,PLACEHOLDER,fotografia necessaria,ALTA
PROD-0020,AG020,AG,IMG-0110,EXATA,PENDENTE_DIREITO_DE_USO,REVISAR,confirmar direito de uso,MEDIA
PROD-0020,AG020,AG,IMG-0119,EXATA,PENDENTE_DIREITO_DE_USO,REVISAR,confirmar direito de uso,MEDIA
PROD-0021,AG021,AG,IMG-0120,EXATA,PENDENTE_DIREITO_DE_USO,REVISAR,confirmar direito de uso,MEDIA
PROD-0022,AG022,AG,,NAO_CONFIRMADA,SEM_IMAGEM,PLACEHOLDER,fotografia necessaria,ALTA
PROD-0023,AG023,AG,,NAO_CONFIRMADA,SEM_IMAGEM,PLACEHOLDER,fotografia necessaria,ALTA
PROD-0024,AG024,AG,,NAO_CONFIRMADA,SEM_IMAGEM,PLACEHOLDER,fotografia necessaria,ALTA
PROD-0025,AG025,AG,,NAO_CONFIRMADA,SEM_IMAGEM,PLACEHOLDER,fotografia necessaria,ALTA
PROD-0026,AG026,AG,,NAO_CONFIRMADA,SEM_IMAGEM,PLACEHOLDER,fotografia necessaria,ALTA
PROD-0027,AR001,AR,IMG-0001,EXATA,PENDENTE_DIREITO_DE_USO,REVISAR,confirmar direito de uso,MEDIA
PROD-0027,AR001,AR,IMG-0058,EXATA,PENDENTE_DIREITO_DE_USO,REVISAR,confirmar direito de uso,MEDIA
PROD-0027,AR001,AR,IMG-0121,EXATA,PENDENTE_DIREITO_DE_USO,REVISAR,confirmar direito de uso,MEDIA
PROD-0028,AR002,AR,IMG-0002,EXATA,PENDENTE_DIREITO_DE_USO,REVISAR,confirmar direito de uso,MEDIA
PROD-0028,AR002,AR,IMG-0059,EXATA,PENDENTE_DIREITO_DE_USO,REVISAR,confirmar direito de uso,MEDIA
PROD-0028,AR002,AR,IMG-0122,EXATA,PENDENTE_DIREITO_DE_USO,REVISAR,confirmar direito de uso,MEDIA
PROD-0029,AR003,AR,IMG-0003,EXATA,PENDENTE_DIREITO_DE_USO,REVISAR,confirmar direito de uso,MEDIA
PROD-0029,AR003,AR,IMG-0060,EXATA,PENDENTE_DIREITO_DE_USO,REVISAR,confirmar direito de uso,MEDIA
PROD-0029,AR003,AR,IMG-0123,EXATA,PENDENTE_DIREITO_DE_USO,REVISAR,confirmar direito de uso,MEDIA
PROD-0030,AR004,AR,IMG-0004,EXATA,PENDENTE_DIREITO_DE_USO,REVISAR,confirmar direito de uso,MEDIA
PROD-0030,AR004,AR,IMG-0061,EXATA,PENDENTE_DIREITO_DE_USO,REVISAR,confirmar direito de uso,MEDIA
PROD-0030,AR004,AR,IMG-0124,EXATA,PENDENTE_DIREITO_DE_USO,REVISAR,confirmar direito de uso,MEDIA
PROD-0031,AZ001,AZ,IMG-0005,EXATA,PENDENTE_DIREITO_DE_USO,REVISAR,confirmar direito de uso,MEDIA
PROD-0031,AZ001,AZ,IMG-0125,EXATA,PENDENTE_DIREITO_DE_USO,REVISAR,confirmar direito de uso,MEDIA
PROD-0032,AZ002,AZ,IMG-0006,EXATA,PENDENTE_DIREITO_DE_USO,REVISAR,confirmar direito de uso,MEDIA
PROD-0032,AZ002,AZ,IMG-0126,EXATA,PENDENTE_DIREITO_DE_USO,REVISAR,confirmar direito de uso,MEDIA
PROD-0033,AZ003,AZ,IMG-0007,EXATA,PENDENTE_DIREITO_DE_USO,REVISAR,confirmar direito de uso,MEDIA
PROD-0033,AZ003,AZ,IMG-0127,EXATA,PENDENTE_DIREITO_DE_USO,REVISAR,confirmar direito de uso,MEDIA
PROD-0034,AZ004,AZ,IMG-0128,EXATA,PENDENTE_DIREITO_DE_USO,REVISAR,confirmar direito de uso,MEDIA
PROD-0035,AZ005,AZ,IMG-0008,EXATA,PENDENTE_DIREITO_DE_USO,REVISAR,confirmar direito de uso,MEDIA
PROD-0035,AZ005,AZ,IMG-0129,EXATA,PENDENTE_DIREITO_DE_USO,REVISAR,confirmar direito de uso,MEDIA
PROD-0036,AZ006,AZ,IMG-0009,EXATA,PENDENTE_DIREITO_DE_USO,REVISAR,confirmar direito de uso,MEDIA
PROD-0036,AZ006,AZ,IMG-0130,EXATA,PENDENTE_DIREITO_DE_USO,REVISAR,confirmar direito de uso,MEDIA
PROD-0037,BA003,BA,IMG-0062,EXATA,PENDENTE_DIREITO_DE_USO,REVISAR,confirmar direito de uso,MEDIA
PROD-0037,BA003,BA,IMG-0131,EXATA,PENDENTE_DIREITO_DE_USO,REVISAR,confirmar direito de uso,MEDIA
PROD-0038,BA004,BA,IMG-0063,EXATA,PENDENTE_DIREITO_DE_USO,REVISAR,confirmar direito de uso,MEDIA
PROD-0039,BA005,BA,IMG-0011,EXATA,PENDENTE_MARCA_VISIVEL,REVISAR,confirmar direito de uso,ALTA
PROD-0039,BA005,BA,IMG-0132,EXATA,PENDENTE_MARCA_VISIVEL,REVISAR,confirmar direito de uso,ALTA
PROD-0040,BA006,BA,IMG-0012,EXATA,PENDENTE_MARCA_VISIVEL,REVISAR,confirmar direito de uso,ALTA
PROD-0040,BA006,BA,IMG-0064,EXATA,PENDENTE_MARCA_VISIVEL,REVISAR,confirmar direito de uso,ALTA
PROD-0041,BA007,BA,IMG-0133,EXATA,PENDENTE_DIREITO_DE_USO,REVISAR,confirmar direito de uso,MEDIA
PROD-0042,BA008,BA,IMG-0134,EXATA,PENDENTE_MARCA_VISIVEL,REVISAR,confirmar direito de uso,ALTA
PROD-0043,BA009,BA,IMG-0065,EXATA,PENDENTE_MARCA_VISIVEL,REVISAR,confirmar direito de uso,ALTA
PROD-0044,BA010,BA,IMG-0013,EXATA,PENDENTE_MARCA_VISIVEL,REVISAR,confirmar direito de uso,ALTA
PROD-0044,BA010,BA,IMG-0066,EXATA,PENDENTE_MARCA_VISIVEL,REVISAR,confirmar direito de uso,ALTA
PROD-0045,BA011,BA,IMG-0014,EXATA,PENDENTE_DIREITO_DE_USO,REVISAR,confirmar direito de uso,MEDIA
PROD-0045,BA011,BA,IMG-0135,EXATA,PENDENTE_DIREITO_DE_USO,REVISAR,confirmar direito de uso,MEDIA
PROD-0046,BA012,BA,IMG-0136,EXATA,PENDENTE_DIREITO_DE_USO,REVISAR,confirmar direito de uso,MEDIA
PROD-0047,BA013,BA,IMG-0015,EXATA,PENDENTE_MARCA_VISIVEL,REVISAR,confirmar direito de uso,ALTA
PROD-0048,BA014,BA,IMG-0016,EXATA,PENDENTE_DIREITO_DE_USO,REVISAR,confirmar direito de uso,MEDIA
PROD-0048,BA014,BA,IMG-0067,EXATA,PENDENTE_DIREITO_DE_USO,REVISAR,confirmar direito de uso,MEDIA
PROD-0048,BA014,BA,IMG-0137,EXATA,PENDENTE_DIREITO_DE_USO,REVISAR,confirmar direito de uso,MEDIA
PROD-0049,BB001,BB,IMG-0068,EXATA,PENDENTE_DIREITO_DE_USO,REVISAR,confirmar direito de uso,MEDIA
PROD-0049,BB001,BB,IMG-0138,EXATA,PENDENTE_DIREITO_DE_USO,REVISAR,confirmar direito de uso,MEDIA
PROD-0050,BB002,BB,IMG-0069,EXATA,PENDENTE_DIREITO_DE_USO,REVISAR,confirmar direito de uso,MEDIA
PROD-0051,BB003,BB,IMG-0070,EXATA,PENDENTE_DIREITO_DE_USO,REVISAR,confirmar direito de uso,MEDIA
PROD-0051,BB003,BB,IMG-0139,EXATA,PENDENTE_DIREITO_DE_USO,REVISAR,confirmar direito de uso,MEDIA
PROD-0052,BB004,BB,IMG-0071,EXATA,PENDENTE_DIREITO_DE_USO,REVISAR,confirmar direito de uso,MEDIA
PROD-0053,BI001,BI,IMG-0140,EXATA,PENDENTE_DIREITO_DE_USO,REVISAR,confirmar direito de uso,MEDIA
PROD-0054,BI002,BI,IMG-0141,EXATA,PENDENTE_DIREITO_DE_USO,REVISAR,confirmar direito de uso,MEDIA
PROD-0055,BI003,BI,,NAO_CONFIRMADA,SEM_IMAGEM,PLACEHOLDER,fotografia necessaria,ALTA
PROD-0056,BI004,BI,,NAO_CONFIRMADA,SEM_IMAGEM,PLACEHOLDER,fotografia necessaria,ALTA
PROD-0057,BI005,BI,,NAO_CONFIRMADA,SEM_IMAGEM,PLACEHOLDER,fotografia necessaria,ALTA
PROD-0058,BI006,BI,,NAO_CONFIRMADA,SEM_IMAGEM,PLACEHOLDER,fotografia necessaria,ALTA
PROD-0059,BI007,BI,,NAO_CONFIRMADA,SEM_IMAGEM,PLACEHOLDER,fotografia necessaria,ALTA
PROD-0060,BI999,BI,,NAO_CONFIRMADA,SEM_IMAGEM,PLACEHOLDER,fotografia necessaria,ALTA
PROD-0061,BO001,BO,,NAO_CONFIRMADA,SEM_IMAGEM,PLACEHOLDER,fotografia necessaria,ALTA
PROD-0062,BO002,BO,,NAO_CONFIRMADA,SEM_IMAGEM,PLACEHOLDER,fotografia necessaria,ALTA
PROD-0063,BO003,BO,,NAO_CONFIRMADA,SEM_IMAGEM,PLACEHOLDER,fotografia necessaria,ALTA
PROD-0064,BT001,BT,,NAO_CONFIRMADA,SEM_IMAGEM,PLACEHOLDER,fotografia necessaria,ALTA
PROD-0065,BT002,BT,,NAO_CONFIRMADA,SEM_IMAGEM,PLACEHOLDER,fotografia necessaria,ALTA
PROD-0066,BV001,BV,IMG-0072,EXATA,PENDENTE_DIREITO_DE_USO,REVISAR,confirmar direito de uso,MEDIA
PROD-0066,BV001,BV,IMG-0142,EXATA,PENDENTE_DIREITO_DE_USO,REVISAR,confirmar direito de uso,MEDIA
PROD-0067,BV002,BV,IMG-0017,EXATA,PENDENTE_DIREITO_DE_USO,REVISAR,confirmar direito de uso,MEDIA
PROD-0067,BV002,BV,IMG-0073,EXATA,PENDENTE_DIREITO_DE_USO,REVISAR,confirmar direito de uso,MEDIA
PROD-0067,BV002,BV,IMG-0143,EXATA,PENDENTE_DIREITO_DE_USO,REVISAR,confirmar direito de uso,MEDIA
PROD-0068,BV003,BV,IMG-0074,EXATA,PENDENTE_DIREITO_DE_USO,REVISAR,confirmar direito de uso,MEDIA
PROD-0068,BV003,BV,IMG-0144,EXATA,PENDENTE_DIREITO_DE_USO,REVISAR,confirmar direito de uso,MEDIA
PROD-0069,BV004,BV,IMG-0075,EXATA,PENDENTE_DIREITO_DE_USO,REVISAR,confirmar direito de uso,MEDIA
PROD-0069,BV004,BV,IMG-0145,EXATA,PENDENTE_DIREITO_DE_USO,REVISAR,confirmar direito de uso,MEDIA
PROD-0070,BV005,BV,IMG-0018,EXATA,PENDENTE_MARCA_VISIVEL,REVISAR,confirmar direito de uso,ALTA
PROD-0070,BV005,BV,IMG-0076,EXATA,PENDENTE_MARCA_VISIVEL,REVISAR,confirmar direito de uso,ALTA
PROD-0070,BV005,BV,IMG-0146,EXATA,PENDENTE_MARCA_VISIVEL,REVISAR,confirmar direito de uso,ALTA
PROD-0071,BV006,BV,IMG-0019,EXATA,PENDENTE_DIREITO_DE_USO,REVISAR,confirmar direito de uso,MEDIA
PROD-0071,BV006,BV,IMG-0077,EXATA,PENDENTE_DIREITO_DE_USO,REVISAR,confirmar direito de uso,MEDIA
PROD-0071,BV006,BV,IMG-0147,EXATA,PENDENTE_DIREITO_DE_USO,REVISAR,confirmar direito de uso,MEDIA
PROD-0072,BV007,BV,IMG-0020,EXATA,PENDENTE_DIREITO_DE_USO,REVISAR,confirmar direito de uso,MEDIA
PROD-0072,BV007,BV,IMG-0148,EXATA,PENDENTE_DIREITO_DE_USO,REVISAR,confirmar direito de uso,MEDIA
PROD-0073,BV008,BV,IMG-0078,EXATA,PENDENTE_DIREITO_DE_USO,REVISAR,confirmar direito de uso,MEDIA
PROD-0073,BV008,BV,IMG-0149,EXATA,PENDENTE_DIREITO_DE_USO,REVISAR,confirmar direito de uso,MEDIA
PROD-0074,BV009,BV,IMG-0079,EXATA,PENDENTE_DIREITO_DE_USO,REVISAR,confirmar direito de uso,MEDIA
PROD-0074,BV009,BV,IMG-0150,EXATA,PENDENTE_DIREITO_DE_USO,REVISAR,confirmar direito de uso,MEDIA
PROD-0075,CN001,CN,,NAO_CONFIRMADA,SEM_IMAGEM,PLACEHOLDER,fotografia necessaria,ALTA
PROD-0076,CN002,CN,,NAO_CONFIRMADA,SEM_IMAGEM,PLACEHOLDER,fotografia necessaria,ALTA
PROD-0077,CN003,CN,,NAO_CONFIRMADA,SEM_IMAGEM,PLACEHOLDER,fotografia necessaria,ALTA
PROD-0078,CN004,CN,,NAO_CONFIRMADA,SEM_IMAGEM,PLACEHOLDER,fotografia necessaria,ALTA
PROD-0079,CN005,CN,,NAO_CONFIRMADA,SEM_IMAGEM,PLACEHOLDER,fotografia necessaria,ALTA
PROD-0080,CN006,CN,,NAO_CONFIRMADA,SEM_IMAGEM,PLACEHOLDER,fotografia necessaria,ALTA
PROD-0081,CN007,CN,,NAO_CONFIRMADA,SEM_IMAGEM,PLACEHOLDER,fotografia necessaria,ALTA
PROD-0082,CN008,CN,,NAO_CONFIRMADA,SEM_IMAGEM,PLACEHOLDER,fotografia necessaria,ALTA
PROD-0083,CN009,CN,,NAO_CONFIRMADA,SEM_IMAGEM,PLACEHOLDER,fotografia necessaria,ALTA
PROD-0084,CN010,CN,,NAO_CONFIRMADA,SEM_IMAGEM,PLACEHOLDER,fotografia necessaria,ALTA
PROD-0085,CN011,CN,,NAO_CONFIRMADA,SEM_IMAGEM,PLACEHOLDER,fotografia necessaria,ALTA
PROD-0086,CN012,CN,,NAO_CONFIRMADA,SEM_IMAGEM,PLACEHOLDER,fotografia necessaria,ALTA
PROD-0087,CN013,CN,,NAO_CONFIRMADA,SEM_IMAGEM,PLACEHOLDER,fotografia necessaria,ALTA
PROD-0088,CN014,CN,,NAO_CONFIRMADA,SEM_IMAGEM,PLACEHOLDER,fotografia necessaria,ALTA
PROD-0089,CN015,CN,,NAO_CONFIRMADA,SEM_IMAGEM,PLACEHOLDER,fotografia necessaria,ALTA
PROD-0090,CN016,CN,,NAO_CONFIRMADA,SEM_IMAGEM,PLACEHOLDER,fotografia necessaria,ALTA
PROD-0091,CN017,CN,,NAO_CONFIRMADA,SEM_IMAGEM,PLACEHOLDER,fotografia necessaria,ALTA
PROD-0092,CN018,CN,,NAO_CONFIRMADA,SEM_IMAGEM,PLACEHOLDER,fotografia necessaria,ALTA
PROD-0093,CN019,CN,,NAO_CONFIRMADA,SEM_IMAGEM,PLACEHOLDER,fotografia necessaria,ALTA
PROD-0094,CN020,CN,,NAO_CONFIRMADA,SEM_IMAGEM,PLACEHOLDER,fotografia necessaria,ALTA
PROD-0095,CN021,CN,,NAO_CONFIRMADA,SEM_IMAGEM,PLACEHOLDER,fotografia necessaria,ALTA
PROD-0096,CN026,CN,,NAO_CONFIRMADA,SEM_IMAGEM,PLACEHOLDER,fotografia necessaria,ALTA
PROD-0097,CO001,CO,IMG-0080,EXATA,PENDENTE_DIREITO_DE_USO,REVISAR,confirmar direito de uso,MEDIA
PROD-0097,CO001,CO,IMG-0151,EXATA,PENDENTE_DIREITO_DE_USO,REVISAR,confirmar direito de uso,MEDIA
PROD-0098,CO002,CO,,NAO_CONFIRMADA,SEM_IMAGEM,PLACEHOLDER,fotografia necessaria,ALTA
PROD-0099,CO003,CO,,NAO_CONFIRMADA,SEM_IMAGEM,PLACEHOLDER,fotografia necessaria,ALTA
PROD-0100,CO004,CO,,NAO_CONFIRMADA,SEM_IMAGEM,PLACEHOLDER,fotografia necessaria,ALTA
PROD-0101,LM001,LM,IMG-0152,EXATA,PENDENTE_MARCA_VISIVEL,REVISAR,confirmar direito de uso,ALTA
PROD-0102,LM002,LM,IMG-0021,EXATA,PENDENTE_MARCA_VISIVEL,REVISAR,confirmar direito de uso,ALTA
PROD-0102,LM002,LM,IMG-0153,EXATA,PENDENTE_MARCA_VISIVEL,REVISAR,confirmar direito de uso,ALTA
PROD-0103,LM003,LM,IMG-0081,EXATA,PENDENTE_DIREITO_DE_USO,REVISAR,confirmar direito de uso,MEDIA
PROD-0103,LM003,LM,IMG-0154,EXATA,PENDENTE_DIREITO_DE_USO,REVISAR,confirmar direito de uso,MEDIA
PROD-0104,PE004,PE,,NAO_CONFIRMADA,SEM_IMAGEM,PLACEHOLDER,fotografia necessaria,ALTA
PROD-0105,PE006,PE,,NAO_CONFIRMADA,SEM_IMAGEM,PLACEHOLDER,fotografia necessaria,ALTA
PROD-0106,PE007,PE,,NAO_CONFIRMADA,SEM_IMAGEM,PLACEHOLDER,fotografia necessaria,ALTA
PROD-0107,PE008,PE,,NAO_CONFIRMADA,SEM_IMAGEM,PLACEHOLDER,fotografia necessaria,ALTA
PROD-0108,PE009,PE,,NAO_CONFIRMADA,SEM_IMAGEM,PLACEHOLDER,fotografia necessaria,ALTA
PROD-0109,PE010,PE,,NAO_CONFIRMADA,SEM_IMAGEM,PLACEHOLDER,fotografia necessaria,ALTA
PROD-0110,PE013,PE,,NAO_CONFIRMADA,SEM_IMAGEM,PLACEHOLDER,fotografia necessaria,ALTA
PROD-0111,PE016,PE,,NAO_CONFIRMADA,SEM_IMAGEM,PLACEHOLDER,fotografia necessaria,ALTA
PROD-0112,PE028,PE,,NAO_CONFIRMADA,SEM_IMAGEM,PLACEHOLDER,fotografia necessaria,ALTA
PROD-0113,PE029,PE,,NAO_CONFIRMADA,SEM_IMAGEM,PLACEHOLDER,fotografia necessaria,ALTA
PROD-0114,PE030,PE,,NAO_CONFIRMADA,SEM_IMAGEM,PLACEHOLDER,fotografia necessaria,ALTA
PROD-0115,PE031,PE,,NAO_CONFIRMADA,SEM_IMAGEM,PLACEHOLDER,fotografia necessaria,ALTA
PROD-0116,PE037,PE,,NAO_CONFIRMADA,SEM_IMAGEM,PLACEHOLDER,fotografia necessaria,ALTA
PROD-0117,PE039,PE,,NAO_CONFIRMADA,SEM_IMAGEM,PLACEHOLDER,fotografia necessaria,ALTA
PROD-0118,PE041,PE,,NAO_CONFIRMADA,SEM_IMAGEM,PLACEHOLDER,fotografia necessaria,ALTA
PROD-0119,PE045,PE,,NAO_CONFIRMADA,SEM_IMAGEM,PLACEHOLDER,fotografia necessaria,ALTA
PROD-0120,PE047,PE,,NAO_CONFIRMADA,SEM_IMAGEM,PLACEHOLDER,fotografia necessaria,ALTA
PROD-0121,PE048,PE,,NAO_CONFIRMADA,SEM_IMAGEM,PLACEHOLDER,fotografia necessaria,ALTA
PROD-0122,PE062,PE,,NAO_CONFIRMADA,SEM_IMAGEM,PLACEHOLDER,fotografia necessaria,ALTA
PROD-0123,PE063,PE,,NAO_CONFIRMADA,SEM_IMAGEM,PLACEHOLDER,fotografia necessaria,ALTA
PROD-0124,PE064,PE,,NAO_CONFIRMADA,SEM_IMAGEM,PLACEHOLDER,fotografia necessaria,ALTA
PROD-0125,PE065,PE,,NAO_CONFIRMADA,SEM_IMAGEM,PLACEHOLDER,fotografia necessaria,ALTA
PROD-0126,PE066,PE,,NAO_CONFIRMADA,SEM_IMAGEM,PLACEHOLDER,fotografia necessaria,ALTA
PROD-0127,PE075,PE,IMG-0082,EXATA,PENDENTE_DIREITO_DE_USO,REVISAR,confirmar direito de uso,MEDIA
PROD-0128,PE076,PE,IMG-0083,EXATA,PENDENTE_DIREITO_DE_USO,REVISAR,confirmar direito de uso,MEDIA
PROD-0129,PE077,PE,,NAO_CONFIRMADA,SEM_IMAGEM,PLACEHOLDER,fotografia necessaria,ALTA
PROD-0130,PE078,PE,IMG-0084,EXATA,PENDENTE_DIREITO_DE_USO,REVISAR,confirmar direito de uso,MEDIA
PROD-0131,PE079,PE,IMG-0085,EXATA,PENDENTE_DIREITO_DE_USO,REVISAR,confirmar direito de uso,MEDIA
PROD-0132,SE001,SE,IMG-0086,EXATA,PENDENTE_DIREITO_DE_USO,REVISAR,confirmar direito de uso,MEDIA
PROD-0132,SE001,SE,IMG-0155,EXATA,PENDENTE_DIREITO_DE_USO,REVISAR,confirmar direito de uso,MEDIA
PROD-0133,SE002,SE,,NAO_CONFIRMADA,SEM_IMAGEM,PLACEHOLDER,fotografia necessaria,ALTA
PROD-0134,SE003,SE,,NAO_CONFIRMADA,SEM_IMAGEM,PLACEHOLDER,fotografia necessaria,ALTA
PROD-0135,SE004,SE,,NAO_CONFIRMADA,SEM_IMAGEM,PLACEHOLDER,fotografia necessaria,ALTA
PROD-0136,SE005,SE,,NAO_CONFIRMADA,SEM_IMAGEM,PLACEHOLDER,fotografia necessaria,ALTA
PROD-0137,SR001,SR,IMG-0022,EXATA,PENDENTE_DIREITO_DE_USO,REVISAR,confirmar direito de uso,MEDIA
PROD-0137,SR001,SR,IMG-0156,EXATA,PENDENTE_DIREITO_DE_USO,REVISAR,confirmar direito de uso,MEDIA
PROD-0138,SR002,SR,IMG-0023,EXATA,PENDENTE_DIREITO_DE_USO,REVISAR,confirmar direito de uso,MEDIA
PROD-0138,SR002,SR,IMG-0157,EXATA,PENDENTE_DIREITO_DE_USO,REVISAR,confirmar direito de uso,MEDIA
PROD-0139,SR003,SR,IMG-0024,EXATA,PENDENTE_DIREITO_DE_USO,REVISAR,confirmar direito de uso,MEDIA
PROD-0139,SR003,SR,IMG-0087,EXATA,PENDENTE_DIREITO_DE_USO,REVISAR,confirmar direito de uso,MEDIA
PROD-0139,SR003,SR,IMG-0158,EXATA,PENDENTE_DIREITO_DE_USO,REVISAR,confirmar direito de uso,MEDIA
PROD-0140,SR004,SR,IMG-0025,EXATA,PENDENTE_DIREITO_DE_USO,REVISAR,confirmar direito de uso,MEDIA
PROD-0140,SR004,SR,IMG-0088,EXATA,PENDENTE_DIREITO_DE_USO,REVISAR,confirmar direito de uso,MEDIA
PROD-0140,SR004,SR,IMG-0159,EXATA,PENDENTE_DIREITO_DE_USO,REVISAR,confirmar direito de uso,MEDIA
PROD-0141,SR005,SR,IMG-0026,EXATA,PENDENTE_DIREITO_DE_USO,REVISAR,confirmar direito de uso,MEDIA
PROD-0141,SR005,SR,IMG-0089,EXATA,PENDENTE_DIREITO_DE_USO,REVISAR,confirmar direito de uso,MEDIA
PROD-0141,SR005,SR,IMG-0160,EXATA,PENDENTE_DIREITO_DE_USO,REVISAR,confirmar direito de uso,MEDIA
PROD-0142,SR006,SR,IMG-0027,EXATA,PENDENTE_DIREITO_DE_USO,REVISAR,confirmar direito de uso,MEDIA
PROD-0143,SR007,SR,IMG-0090,EXATA,PENDENTE_DIREITO_DE_USO,REVISAR,confirmar direito de uso,MEDIA
PROD-0143,SR007,SR,IMG-0161,EXATA,PENDENTE_DIREITO_DE_USO,REVISAR,confirmar direito de uso,MEDIA
PROD-0144,SR008,SR,IMG-0028,EXATA,PENDENTE_DIREITO_DE_USO,REVISAR,confirmar direito de uso,MEDIA
PROD-0145,SR009,SR,IMG-0029,EXATA,PENDENTE_DIREITO_DE_USO,REVISAR,confirmar direito de uso,MEDIA
PROD-0146,SR010,SR,IMG-0030,EXATA,PENDENTE_DIREITO_DE_USO,REVISAR,confirmar direito de uso,MEDIA
PROD-0146,SR010,SR,IMG-0091,EXATA,PENDENTE_DIREITO_DE_USO,REVISAR,confirmar direito de uso,MEDIA
PROD-0146,SR010,SR,IMG-0162,EXATA,PENDENTE_DIREITO_DE_USO,REVISAR,confirmar direito de uso,MEDIA
PROD-0147,SR011,SR,IMG-0031,EXATA,PENDENTE_DIREITO_DE_USO,REVISAR,confirmar direito de uso,MEDIA
PROD-0147,SR011,SR,IMG-0092,EXATA,PENDENTE_DIREITO_DE_USO,REVISAR,confirmar direito de uso,MEDIA
PROD-0147,SR011,SR,IMG-0163,EXATA,PENDENTE_DIREITO_DE_USO,REVISAR,confirmar direito de uso,MEDIA
PROD-0148,SR012,SR,IMG-0032,EXATA,PENDENTE_DIREITO_DE_USO,REVISAR,confirmar direito de uso,MEDIA
PROD-0148,SR012,SR,IMG-0164,EXATA,PENDENTE_DIREITO_DE_USO,REVISAR,confirmar direito de uso,MEDIA
PROD-0149,SR025,SR,IMG-0093,EXATA,PENDENTE_MARCA_VISIVEL,REVISAR,confirmar direito de uso,ALTA
PROD-0149,SR025,SR,IMG-0165,EXATA,PENDENTE_MARCA_VISIVEL,REVISAR,confirmar direito de uso,ALTA
PROD-0150,SR026,SR,IMG-0094,EXATA,PENDENTE_MARCA_VISIVEL,REVISAR,confirmar direito de uso,ALTA
PROD-0150,SR026,SR,IMG-0166,EXATA,PENDENTE_MARCA_VISIVEL,REVISAR,confirmar direito de uso,ALTA
PROD-0151,SR027,SR,IMG-0095,EXATA,PENDENTE_MARCA_VISIVEL,REVISAR,confirmar direito de uso,ALTA
PROD-0151,SR027,SR,IMG-0167,EXATA,PENDENTE_MARCA_VISIVEL,REVISAR,confirmar direito de uso,ALTA
PROD-0152,SR029,SR,IMG-0096,EXATA,PENDENTE_MARCA_VISIVEL,REVISAR,confirmar direito de uso,ALTA
PROD-0152,SR029,SR,IMG-0168,EXATA,PENDENTE_MARCA_VISIVEL,REVISAR,confirmar direito de uso,ALTA
PROD-0153,TB001,TB,IMG-0033,EXATA,PENDENTE_DIREITO_DE_USO,REVISAR,confirmar direito de uso,MEDIA
PROD-0153,TB001,TB,IMG-0097,EXATA,PENDENTE_DIREITO_DE_USO,REVISAR,confirmar direito de uso,MEDIA
PROD-0153,TB001,TB,IMG-0169,EXATA,PENDENTE_DIREITO_DE_USO,REVISAR,confirmar direito de uso,MEDIA
PROD-0154,TB003,TB,IMG-0034,EXATA,PENDENTE_DIREITO_DE_USO,REVISAR,confirmar direito de uso,MEDIA
PROD-0154,TB003,TB,IMG-0170,EXATA,PENDENTE_DIREITO_DE_USO,REVISAR,confirmar direito de uso,MEDIA
PROD-0155,TB004,TB,IMG-0035,EXATA,PENDENTE_DIREITO_DE_USO,REVISAR,confirmar direito de uso,MEDIA
PROD-0155,TB004,TB,IMG-0098,EXATA,PENDENTE_DIREITO_DE_USO,REVISAR,confirmar direito de uso,MEDIA
PROD-0156,TB005,TB,IMG-0036,EXATA,PENDENTE_DIREITO_DE_USO,REVISAR,confirmar direito de uso,MEDIA
PROD-0156,TB005,TB,IMG-0171,EXATA,PENDENTE_DIREITO_DE_USO,REVISAR,confirmar direito de uso,MEDIA
PROD-0157,TB007,TB,IMG-0099,EXATA,PENDENTE_DIREITO_DE_USO,REVISAR,confirmar direito de uso,MEDIA
PROD-0158,TE001,TE,IMG-0037,EXATA,PENDENTE_MARCA_VISIVEL,REVISAR,confirmar direito de uso,ALTA
PROD-0158,TE001,TE,IMG-0100,EXATA,PENDENTE_MARCA_VISIVEL,REVISAR,confirmar direito de uso,ALTA
PROD-0158,TE001,TE,IMG-0172,EXATA,PENDENTE_MARCA_VISIVEL,REVISAR,confirmar direito de uso,ALTA
PROD-0159,TE002,TE,IMG-0173,EXATA,PENDENTE_MARCA_VISIVEL,REVISAR,confirmar direito de uso,ALTA
PROD-0160,TE003,TE,IMG-0038,EXATA,PENDENTE_DIREITO_DE_USO,REVISAR,confirmar direito de uso,MEDIA
PROD-0160,TE003,TE,IMG-0174,EXATA,PENDENTE_DIREITO_DE_USO,REVISAR,confirmar direito de uso,MEDIA
PROD-0161,TE004,TE,IMG-0039,EXATA,PENDENTE_DIREITO_DE_USO,REVISAR,confirmar direito de uso,MEDIA
PROD-0161,TE004,TE,IMG-0175,EXATA,PENDENTE_DIREITO_DE_USO,REVISAR,confirmar direito de uso,MEDIA
PROD-0162,VR001,VR,IMG-0040,EXATA,PENDENTE_DIREITO_DE_USO,REVISAR,confirmar direito de uso,MEDIA
PROD-0162,VR001,VR,IMG-0101,EXATA,PENDENTE_DIREITO_DE_USO,REVISAR,confirmar direito de uso,MEDIA
PROD-0162,VR001,VR,IMG-0176,EXATA,PENDENTE_DIREITO_DE_USO,REVISAR,confirmar direito de uso,MEDIA
PROD-0163,VR002,VR,IMG-0041,EXATA,PENDENTE_DIREITO_DE_USO,REVISAR,confirmar direito de uso,MEDIA
PROD-0163,VR002,VR,IMG-0102,EXATA,PENDENTE_DIREITO_DE_USO,REVISAR,confirmar direito de uso,MEDIA
PROD-0163,VR002,VR,IMG-0177,EXATA,PENDENTE_DIREITO_DE_USO,REVISAR,confirmar direito de uso,MEDIA
PROD-0164,VR003,VR,IMG-0042,EXATA,PENDENTE_MARCA_VISIVEL,REVISAR,confirmar direito de uso,ALTA
PROD-0164,VR003,VR,IMG-0103,EXATA,PENDENTE_MARCA_VISIVEL,REVISAR,confirmar direito de uso,ALTA
PROD-0164,VR003,VR,IMG-0178,EXATA,PENDENTE_MARCA_VISIVEL,REVISAR,confirmar direito de uso,ALTA
PROD-0165,VR004,VR,IMG-0043,EXATA,PENDENTE_MARCA_VISIVEL,REVISAR,confirmar direito de uso,ALTA
PROD-0165,VR004,VR,IMG-0104,EXATA,PENDENTE_MARCA_VISIVEL,REVISAR,confirmar direito de uso,ALTA
PROD-0165,VR004,VR,IMG-0179,EXATA,PENDENTE_MARCA_VISIVEL,REVISAR,confirmar direito de uso,ALTA
PROD-0166,VR005,VR,IMG-0044,EXATA,PENDENTE_DIREITO_DE_USO,REVISAR,confirmar direito de uso,MEDIA
PROD-0166,VR005,VR,IMG-0105,EXATA,PENDENTE_DIREITO_DE_USO,REVISAR,confirmar direito de uso,MEDIA
PROD-0166,VR005,VR,IMG-0180,EXATA,PENDENTE_DIREITO_DE_USO,REVISAR,confirmar direito de uso,MEDIA
PROD-0167,VR006,VR,IMG-0045,EXATA,PENDENTE_DIREITO_DE_USO,REVISAR,confirmar direito de uso,MEDIA
PROD-0167,VR006,VR,IMG-0106,EXATA,PENDENTE_DIREITO_DE_USO,REVISAR,confirmar direito de uso,MEDIA
PROD-0167,VR006,VR,IMG-0181,EXATA,PENDENTE_DIREITO_DE_USO,REVISAR,confirmar direito de uso,MEDIA
PROD-0168,VR007,VR,IMG-0182,EXATA,PENDENTE_DIREITO_DE_USO,REVISAR,confirmar direito de uso,MEDIA
PROD-0169,VR008,VR,IMG-0046,EXATA,PENDENTE_DIREITO_DE_USO,REVISAR,confirmar direito de uso,MEDIA
PROD-0169,VR008,VR,IMG-0107,EXATA,PENDENTE_DIREITO_DE_USO,REVISAR,confirmar direito de uso,MEDIA
PROD-0169,VR008,VR,IMG-0183,EXATA,PENDENTE_DIREITO_DE_USO,REVISAR,confirmar direito de uso,MEDIA
PROD-0170,VR009,VR,IMG-0047,EXATA,PENDENTE_DIREITO_DE_USO,REVISAR,confirmar direito de uso,MEDIA
PROD-0170,VR009,VR,IMG-0108,EXATA,PENDENTE_DIREITO_DE_USO,REVISAR,confirmar direito de uso,MEDIA
PROD-0170,VR009,VR,IMG-0184,EXATA,PENDENTE_DIREITO_DE_USO,REVISAR,confirmar direito de uso,MEDIA
PROD-0171,VR010,VR,IMG-0109,EXATA,PENDENTE_DIREITO_DE_USO,REVISAR,confirmar direito de uso,MEDIA
PROD-0171,VR010,VR,IMG-0185,EXATA,PENDENTE_DIREITO_DE_USO,REVISAR,confirmar direito de uso,MEDIA
PROD-0172,VR011,VR,IMG-0048,EXATA,PENDENTE_DIREITO_DE_USO,REVISAR,confirmar direito de uso,MEDIA
PROD-0172,VR011,VR,IMG-0186,EXATA,PENDENTE_DIREITO_DE_USO,REVISAR,confirmar direito de uso,MEDIA
PROD-0173,VR012,VR,IMG-0049,EXATA,PENDENTE_DIREITO_DE_USO,REVISAR,confirmar direito de uso,MEDIA
PROD-0173,VR012,VR,IMG-0187,EXATA,PENDENTE_DIREITO_DE_USO,REVISAR,confirmar direito de uso,MEDIA
PROD-0174,VR013,VR,IMG-0050,EXATA,PENDENTE_DIREITO_DE_USO,REVISAR,confirmar direito de uso,MEDIA
PROD-0174,VR013,VR,IMG-0188,EXATA,PENDENTE_DIREITO_DE_USO,REVISAR,confirmar direito de uso,MEDIA
