internal_id,sku_original,codigo_publico_proposto,nome_original,familia_proposta,family_id,categoria_herdada,aplicacao_principal_herdada,segmento_herdado,excecao_de_segmento,excecao_de_categoria,excecao_de_aplicacao,medida,capacidade,variacao,imagem,status_imagem,status_codigo,status_dado,publicavel,motivo_do_bloqueio,fonte,nivel_confianca,aprovacao_necessaria
PROD-0001,AG001,AG001,AGULHA DESCARTAVEL - 100 UN,Agulhas descartáveis,FAM-001,Vacinação e aplicação,vacinação,Avicultura,,,,13 X 45,,13 X 45,IMG-0117,EM_QUARENTENA,UNICO,COMPLETO,CANDIDATO,,S-02/CSV|S-03/PDF-publicado|S-03/PDF-complementar,ALTA,SIM
PROD-0002,AG002,AG002,AGULHA DESCARTAVEL - 100 UN,Agulhas descartáveis,FAM-001,Vacinação e aplicação,vacinação,Avicultura,,,,25 X 10,,25 X 10,,AUSENTE_USA_PLACEHOLDER,UNICO,COMPLETO,CANDIDATO,,S-02/CSV|S-03/PDF-publicado|S-03/PDF-complementar,ALTA,SIM
PROD-0003,AG003,AG003,AGULHA DESCARTAVEL - 100 UN,Agulhas descartáveis,FAM-001,Vacinação e aplicação,vacinação,Avicultura,,,,25 X 12,,25 X 12,,AUSENTE_USA_PLACEHOLDER,UNICO,COMPLETO,CANDIDATO,,S-02/CSV|S-03/PDF-publicado|S-03/PDF-complementar,ALTA,SIM
PROD-0004,AG004,AG004,AGULHA DESCARTAVEL - 100 UN,Agulhas descartáveis,FAM-001,Vacinação e aplicação,vacinação,Avicultura,,,,25 X 7,,25 X 7,IMG-0051,EM_QUARENTENA,UNICO,COMPLETO,CANDIDATO,,S-02/CSV|S-03/PDF-publicado|S-03/PDF-complementar,ALTA,SIM
PROD-0005,AG005,AG005,AGULHA DESCARTAVEL - 100 UN,Agulhas descartáveis,FAM-001,Vacinação e aplicação,vacinação,Avicultura,,,,25 X 8,,25 X 8,IMG-0052,EM_QUARENTENA,CONFLITO,COMPLETO,NAO,divergencia DIV-0101,S-02/CSV|S-03/PDF-publicado|S-03/PDF-complementar,BAIXA,SIM
PROD-0006,AG006,AG006,AGULHA DESCARTAVEL - 100 UN,Agulhas descartáveis,FAM-001,Vacinação e aplicação,vacinação,Avicultura,,,,25 X 9,,25 X 9,IMG-0053,EM_QUARENTENA,UNICO,COMPLETO,CANDIDATO,,S-02/CSV|S-03/PDF-publicado|S-03/PDF-complementar,ALTA,SIM
PROD-0007,AG007,AG007,AGULHA DESCARTAVEL - 100 UN,Agulhas descartáveis,FAM-001,Vacinação e aplicação,vacinação,Avicultura,,,,40 X 12,,40 X 12,IMG-0054,EM_QUARENTENA,UNICO,COMPLETO,CANDIDATO,,S-02/CSV|S-03/PDF-publicado|S-03/PDF-complementar,ALTA,SIM
PROD-0008,AG008,AG008,AGULHA DESCARTAVEL - 100 UN,Agulhas descartáveis,FAM-001,Vacinação e aplicação,vacinação,Avicultura,,,,40 X 16,,40 X 16,,AUSENTE_USA_PLACEHOLDER,UNICO,COMPLETO,CANDIDATO,,S-02/CSV|S-03/PDF-publicado|S-03/PDF-complementar,ALTA,SIM
PROD-0009,AG009,AG009,AGULHA DESCARTAVEL - 100 UN,Agulhas descartáveis,FAM-001,Vacinação e aplicação,vacinação,Avicultura,,,,40 X 8,,40 X 8,,AUSENTE_USA_PLACEHOLDER,UNICO,COMPLETO,CANDIDATO,,S-02/CSV|S-03/PDF-publicado|S-03/PDF-complementar,ALTA,SIM
PROD-0010,AG010,AG010,AGULHA DESCARTAVEL - 100 UN,Agulhas descartáveis,FAM-001,Vacinação e aplicação,vacinação,Avicultura,,,,6 X 9,,6 X 9,IMG-0055,EM_QUARENTENA,UNICO,COMPLETO,CANDIDATO,,S-02/CSV|S-03/PDF-publicado|S-03/PDF-complementar,ALTA,SIM
PROD-0011,AG011,AG011,AGULHA INOX,Agulhas inox reutilizáveis,FAM-002,Vacinação e aplicação,vacinação,Avicultura,,,,10 X 10,,10 X 10,"IMG-0056,IMG-0118",EM_QUARENTENA,UNICO,COMPLETO,CANDIDATO,,S-02/CSV|S-03/PDF-publicado|S-03/PDF-complementar,ALTA,SIM
PROD-0012,AG012,AG012,AGULHA INOX,Agulhas inox reutilizáveis,FAM-002,Vacinação e aplicação,vacinação,Avicultura,,,,10 X 12,,10 X 12,IMG-0057,EM_QUARENTENA,UNICO,COMPLETO,CANDIDATO,,S-02/CSV|S-03/PDF-publicado|S-03/PDF-complementar,ALTA,SIM
PROD-0013,AG013,AG013,AGULHA INOX,Agulhas inox reutilizáveis,FAM-002,Vacinação e aplicação,vacinação,Avicultura,,,,10 X 08,,10 X 08,,AUSENTE_USA_PLACEHOLDER,UNICO,COMPLETO,CANDIDATO,,S-02/CSV|S-03/PDF-publicado|S-03/PDF-complementar,ALTA,SIM
PROD-0014,AG014,AG014,AGULHA INOX,Agulhas inox reutilizáveis,FAM-002,Vacinação e aplicação,vacinação,Avicultura,,,,07 X 10,,07 X 10,,AUSENTE_USA_PLACEHOLDER,UNICO,COMPLETO,CANDIDATO,,S-02/CSV|S-03/PDF-publicado|S-03/PDF-complementar,ALTA,SIM
PROD-0015,AG015,AG015,AGULHA INOX,Agulhas inox reutilizáveis,FAM-002,Vacinação e aplicação,vacinação,Avicultura,,,,08 X 08,,08 X 08,,AUSENTE_USA_PLACEHOLDER,UNICO,COMPLETO,CANDIDATO,,S-02/CSV|S-03/PDF-publicado|S-03/PDF-complementar,ALTA,SIM
PROD-0016,AG016,AG016,AGULHA INOX,Agulhas inox reutilizáveis,FAM-002,Vacinação e aplicação,vacinação,Avicultura,,,,06 X 10,,06 X 10,,AUSENTE_USA_PLACEHOLDER,CONFLITO,COMPLETO,NAO,divergencia DIV-0102,S-02/CSV|S-03/PDF-publicado|S-03/PDF-complementar,BAIXA,SIM
PROD-0017,AG017,AG017,AGULHA INOX,Agulhas inox reutilizáveis,FAM-002,Vacinação e aplicação,vacinação,Avicultura,,,,06 X 08,,06 X 08,,AUSENTE_USA_PLACEHOLDER,UNICO,COMPLETO,CANDIDATO,,S-02/CSV|S-03/PDF-publicado|S-03/PDF-complementar,ALTA,SIM
PROD-0018,AG018,AG018,AGULHA INOX,Agulhas inox reutilizáveis,FAM-002,Vacinação e aplicação,vacinação,Avicultura,,,,12 X 12,,12 X 12,,AUSENTE_USA_PLACEHOLDER,UNICO,COMPLETO,CANDIDATO,,S-02/CSV|S-03/PDF-publicado|S-03/PDF-complementar,ALTA,SIM
PROD-0019,AG019,AG019,AGULHA INOX,Agulhas inox reutilizáveis,FAM-002,Vacinação e aplicação,vacinação,Avicultura,,,,12 X 10,,12 X 10,,AUSENTE_USA_PLACEHOLDER,CONFLITO,COMPLETO,NAO,divergencia DIV-0103,S-02/CSV|S-03/PDF-publicado|S-03/PDF-complementar,BAIXA,SIM
PROD-0022,AG022,AG022,AGULHA INOX,Agulhas inox reutilizáveis,FAM-002,Vacinação e aplicação,vacinação,Avicultura,,,,04 X 08,,04 X 08,,AUSENTE_USA_PLACEHOLDER,CONFLITO,COMPLETO,NAO,divergencia DIV-0104,S-02/CSV|S-03/PDF-publicado|S-03/PDF-complementar,BAIXA,SIM
PROD-0023,AG023,AG023,AGULHA INOX,Agulhas inox reutilizáveis,FAM-002,Vacinação e aplicação,vacinação,Avicultura,,,,08 X 10,,08 X 10,,AUSENTE_USA_PLACEHOLDER,UNICO,COMPLETO,CANDIDATO,,S-02/CSV|S-03/PDF-publicado,ALTA,SIM
PROD-0024,AG024,AG024,AGULHA INOX,Agulhas inox reutilizáveis,FAM-002,Vacinação e aplicação,vacinação,Avicultura,,,,12 X 8,,12 X 8,,AUSENTE_USA_PLACEHOLDER,UNICO,COMPLETO,CANDIDATO,,S-02/CSV|S-03/PDF-publicado,ALTA,SIM
PROD-0020,AG020,AG020,AGULHA QUADRADA,Agulhas quadradas,FAM-003,Vacinação e aplicação,vacinação,Avicultura,,,,10 X 10,,10 X 10,"IMG-0110,IMG-0119",EM_QUARENTENA,UNICO,COMPLETO,CANDIDATO,,S-02/CSV|S-03/PDF-publicado,ALTA,SIM
PROD-0025,AG025,AG025,AGULHA QUADRADA,Agulhas quadradas,FAM-003,Vacinação e aplicação,vacinação,Avicultura,,,,10 X 08,,10 X 08,,AUSENTE_USA_PLACEHOLDER,UNICO,COMPLETO,CANDIDATO,,S-02/CSV,MEDIA,SIM
PROD-0026,AG026,AG026,,Agulhas quadradas,FAM-003,Vacinação e aplicação,vacinação,Avicultura,,,,10X08,,10X08,,AUSENTE_USA_PLACEHOLDER,UNICO,INCOMPLETO,NAO,sem nome em qualquer fonte,S-03/PDF-publicado,MEDIA,SIM
PROD-0021,AG021,AG021,AGULHA APLICADOR PARA VACINA,Agulhas para aplicador de vacina,FAM-004,Vacinação e aplicação,vacinação,Avicultura,,,,,,,IMG-0120,EM_QUARENTENA,UNICO,INCOMPLETO,CANDIDATO,,S-02/CSV|S-03/PDF-publicado|S-03/PDF-complementar,ALTA,SIM
PROD-0032,AZ002,AZ002,SERINGA AVIZEE FLUXO CONTÍNUO,Seringas automáticas de fluxo contínuo,FAM-005,Vacinação e aplicação,vacinação,Avicultura,,,,,,,"IMG-0006,IMG-0126",EM_QUARENTENA,UNICO,INCOMPLETO,CANDIDATO,,S-02/CSV|S-03/PDF-publicado,ALTA,SIM
PROD-0033,AZ003,AZ003,SERINGA AVIZEE BOUBA AVIÁRIA,Seringas automáticas de fluxo contínuo,FAM-005,Vacinação e aplicação,vacinação,Avicultura,,,,,,,"IMG-0007,IMG-0127",EM_QUARENTENA,UNICO,INCOMPLETO,CANDIDATO,,S-02/CSV|S-03/PDF-publicado,ALTA,SIM
PROD-0031,AZ001,AZ001,SERINGA DUPLA AVIZEE FLUXO CONTÍNUO,Seringas automáticas duplas,FAM-006,Vacinação e aplicação,vacinação,Avicultura,,,,,,,"IMG-0005,IMG-0125",EM_QUARENTENA,UNICO,INCOMPLETO,CANDIDATO,,S-02/CSV|S-03/PDF-publicado,ALTA,SIM
PROD-0034,AZ004,AZ004,VACINADORA AVIZEE COM PORTA FRASCO,Vacinadoras com porta-frasco,FAM-007,Vacinação e aplicação,vacinação,Avicultura,,,,,,,IMG-0128,EM_QUARENTENA,UNICO,INCOMPLETO,CANDIDATO,,S-02/CSV|S-03/PDF-publicado,ALTA,SIM
PROD-0035,AZ005,AZ005,KIT REPARO DA SERINGA AVIZEE,Kits de reparo para seringas automáticas,FAM-008,Vacinação e aplicação,manutenção,Avicultura,,,,,,,"IMG-0008,IMG-0129",EM_QUARENTENA,UNICO,INCOMPLETO,CANDIDATO,,S-02/CSV|S-03/PDF-publicado,ALTA,SIM
PROD-0036,AZ006,AZ006,KIT DE REPARO SERINGA AVIZEE BOUBA AVIÁRIA,Kits de reparo para seringas automáticas,FAM-008,Vacinação e aplicação,manutenção,Avicultura,,,,,,,"IMG-0009,IMG-0130",EM_QUARENTENA,UNICO,INCOMPLETO,CANDIDATO,,S-02/CSV|S-03/PDF-publicado,ALTA,SIM
PROD-0132,SE001,SE001,SERINGA,Seringas descartáveis,FAM-009,Vacinação e aplicação,aplicação,Avicultura,,,,5 ML COM AGULHA,,5 ML COM AGULHA,"IMG-0086,IMG-0155",EM_QUARENTENA,UNICO,COMPLETO,CANDIDATO,,S-02/CSV|S-03/PDF-publicado,ALTA,SIM
PROD-0133,SE002,SE002,SERINGA,Seringas descartáveis,FAM-009,Vacinação e aplicação,aplicação,Avicultura,,,,5 ML SEM AGULHA,,5 ML SEM AGULHA,,AUSENTE_USA_PLACEHOLDER,UNICO,COMPLETO,CANDIDATO,,S-02/CSV|S-03/PDF-publicado,ALTA,SIM
PROD-0134,SE003,SE003,SERINGA,Seringas descartáveis,FAM-009,Vacinação e aplicação,aplicação,Avicultura,,,,20 ML SEM AGULHA,,20 ML SEM AGULHA,,AUSENTE_USA_PLACEHOLDER,UNICO,COMPLETO,CANDIDATO,,S-02/CSV|S-03/PDF-publicado,ALTA,SIM
PROD-0135,SE004,SE004,SERINGA,Seringas descartáveis,FAM-009,Vacinação e aplicação,aplicação,Avicultura,,,,60 ML SEM AGULHA,,60 ML SEM AGULHA,,AUSENTE_USA_PLACEHOLDER,UNICO,COMPLETO,CANDIDATO,,S-02/CSV|S-03/PDF-publicado,ALTA,SIM
PROD-0136,SE005,SE005,SERINGA,Seringas descartáveis,FAM-009,Vacinação e aplicação,aplicação,Avicultura,,,,10 ML SEM AGULHA,,10 ML SEM AGULHA,,AUSENTE_USA_PLACEHOLDER,UNICO,COMPLETO,CANDIDATO,,S-02/CSV|S-03/PDF-publicado,ALTA,SIM
PROD-0139,SR003,SR003,"SERINGA SOCOREX 0,5 ML",Seringas automáticas de precisão (linha importada),FAM-010,Vacinação e aplicação,vacinação,Avicultura,,,,,,,"IMG-0024,IMG-0087,IMG-0158",EM_QUARENTENA,UNICO,INCOMPLETO,NAO,marca de terceiro no nome (R-05),S-02/CSV|S-03/PDF-publicado|S-03/PDF-complementar,ALTA,SIM
PROD-0141,SR005,SR005,SERINGA SOCOREX DUPLA,Seringas automáticas de precisão (linha importada),FAM-010,Vacinação e aplicação,vacinação,Avicultura,,,,"2 X 0,5 ML",,"2 X 0,5 ML","IMG-0026,IMG-0089,IMG-0160",EM_QUARENTENA,UNICO,COMPLETO,NAO,marca de terceiro no nome (R-05),S-02/CSV|S-03/PDF-publicado|S-03/PDF-complementar,ALTA,SIM
PROD-0142,SR006,SR006,SERINGA SOCOREX DUPLA,Seringas automáticas de precisão (linha importada),FAM-010,Vacinação e aplicação,vacinação,Avicultura,,,,2 X 1 ML,,2 X 1 ML,IMG-0027,EM_QUARENTENA,UNICO,COMPLETO,NAO,marca de terceiro no nome (R-05),S-02/CSV|S-03/PDF-publicado|S-03/PDF-complementar,ALTA,SIM
PROD-0148,SR012,SR012,"SERINGA SOCOREX ULTRA 0,5 ML",Seringas automáticas de precisão (linha importada),FAM-010,Vacinação e aplicação,vacinação,Avicultura,,,,,,,"IMG-0032,IMG-0164",EM_QUARENTENA,UNICO,INCOMPLETO,NAO,marca de terceiro no nome (R-05),S-02/CSV|S-03/PDF-publicado,ALTA,SIM
PROD-0137,SR001,SR001,CILINDRO GRADUADO SOCOREX,Cilindros graduados para seringas automáticas,FAM-011,Vacinação e aplicação,vacinação,Avicultura,,,,"0,5 ML COM EMBOLO",,"0,5 ML COM EMBOLO","IMG-0022,IMG-0156",EM_QUARENTENA,UNICO,COMPLETO,NAO,marca de terceiro no nome (R-05),S-02/CSV|S-03/PDF-publicado|S-03/PDF-complementar,ALTA,SIM
PROD-0144,SR008,SR008,CILINDRO GRADUADO SOCOREX,Cilindros graduados para seringas automáticas,FAM-011,Vacinação e aplicação,vacinação,Avicultura,,,,"0,5 ML",,"0,5 ML",IMG-0028,EM_QUARENTENA,UNICO,COMPLETO,NAO,marca de terceiro no nome (R-05),S-02/CSV|S-03/PDF-publicado|S-03/PDF-complementar,ALTA,SIM
PROD-0145,SR009,SR009,CILINDRO GRADUADO SOCOREX,Cilindros graduados para seringas automáticas,FAM-011,Vacinação e aplicação,vacinação,Avicultura,,,,1 ML,,1 ML,IMG-0029,EM_QUARENTENA,UNICO,COMPLETO,NAO,marca de terceiro no nome (R-05),S-02/CSV|S-03/PDF-publicado|S-03/PDF-complementar,ALTA,SIM
PROD-0138,SR002,SR002,"KIT REPARO DA SERINGA SOCOREX 0,5 ML",Componentes e reposição para seringas automáticas,FAM-012,Vacinação e aplicação,reposição,Avicultura,,,,,,,"IMG-0023,IMG-0157",EM_QUARENTENA,UNICO,INCOMPLETO,NAO,marca de terceiro no nome (R-05),S-02/CSV|S-03/PDF-publicado|S-03/PDF-complementar,ALTA,SIM
PROD-0140,SR004,SR004,"SOQUETE SERINGA SOCOREX 0,5-1 ML",Componentes e reposição para seringas automáticas,FAM-012,Vacinação e aplicação,reposição,Avicultura,,,,,,,"IMG-0025,IMG-0088,IMG-0159",EM_QUARENTENA,UNICO,INCOMPLETO,NAO,marca de terceiro no nome (R-05),S-02/CSV|S-03/PDF-publicado|S-03/PDF-complementar,ALTA,SIM
PROD-0143,SR007,SR007,UNIÃO DE PONTAS - SOCOREX DUPLA,Componentes e reposição para seringas automáticas,FAM-012,Vacinação e aplicação,reposição,Avicultura,,,,,,,"IMG-0090,IMG-0161",EM_QUARENTENA,UNICO,INCOMPLETO,NAO,marca de terceiro no nome (R-05),S-02/CSV|S-03/PDF-publicado|S-03/PDF-complementar,ALTA,SIM
PROD-0146,SR010,SR010,"MOLA DO EMBOLO SOCOREX 0,5 - 1 ML",Componentes e reposição para seringas automáticas,FAM-012,Vacinação e aplicação,reposição,Avicultura,,,,,,,"IMG-0030,IMG-0091,IMG-0162",EM_QUARENTENA,UNICO,INCOMPLETO,NAO,marca de terceiro no nome (R-05),S-02/CSV|S-03/PDF-publicado,ALTA,SIM
PROD-0147,SR011,SR011,REPOSIÇÃO POSTERIOR SOCOREX DUPLA,Componentes e reposição para seringas automáticas,FAM-012,Vacinação e aplicação,reposição,Avicultura,,,,,,,"IMG-0031,IMG-0092,IMG-0163",EM_QUARENTENA,UNICO,INCOMPLETO,NAO,marca de terceiro no nome (R-05),S-02/CSV|S-03/PDF-publicado,ALTA,SIM
PROD-0149,SR025,SR025,BICO REPOSIÇÃO SOCOREX,Componentes e reposição para seringas automáticas,FAM-012,Vacinação e aplicação,reposição,Avicultura,,,,,,,"IMG-0093,IMG-0165",EM_QUARENTENA,UNICO,INCOMPLETO,NAO,marca de terceiro no nome (R-05),S-02/CSV|S-03/PDF-publicado,ALTA,SIM
PROD-0150,SR026,SR026,CONEXÃO MANGUEIRA SOCOREX,Componentes e reposição para seringas automáticas,FAM-012,Vacinação e aplicação,reposição,Avicultura,,,,,,,"IMG-0094,IMG-0166",EM_QUARENTENA,UNICO,INCOMPLETO,NAO,marca de terceiro no nome (R-05),S-02/CSV|S-03/PDF-publicado,ALTA,SIM
PROD-0151,SR027,SR027,REPOSIÇÃO PROTEÇÃO CILINDRO SOCOREX,Componentes e reposição para seringas automáticas,FAM-012,Vacinação e aplicação,reposição,Avicultura,,,,,,,"IMG-0095,IMG-0167",EM_QUARENTENA,UNICO,INCOMPLETO,NAO,marca de terceiro no nome (R-05),S-02/CSV|S-03/PDF-publicado,ALTA,SIM
PROD-0152,SR029,SR029,,Componentes e reposição para seringas automáticas,FAM-012,Vacinação e aplicação,reposição,Avicultura,,,,,,,"IMG-0096,IMG-0168",EM_QUARENTENA,UNICO,INCOMPLETO,NAO,sem nome em qualquer fonte,S-03/PDF-publicado,MEDIA,SIM
PROD-0163,VR002,VR002,EQUIPO MACROGOTAS INTRAVENOSO,Equipos para aplicação e infusão,FAM-013,Vacinação e aplicação,aplicação,Avicultura,,,,,,,"IMG-0041,IMG-0102,IMG-0177",EM_QUARENTENA,UNICO,INCOMPLETO,CANDIDATO,,S-02/CSV|S-03/PDF-publicado,ALTA,SIM
PROD-0169,VR008,VR008,EQUIPO VETERINÁRIO ENDOVENOSAS,Equipos para aplicação e infusão,FAM-013,Vacinação e aplicação,aplicação,Avicultura,,,,,,,"IMG-0046,IMG-0107,IMG-0183",EM_QUARENTENA,UNICO,INCOMPLETO,CANDIDATO,,S-02/CSV|S-03/PDF-publicado,ALTA,SIM
PROD-0053,BI001,BI001,BICO PULVERIZADOR BV LEQUE VAC SPRAY 65º,Bicos pulverizadores,FAM-014,Pulverização e sistemas de fluido,pulverização,Avicultura,,,,,,,IMG-0140,EM_QUARENTENA,UNICO,INCOMPLETO,CANDIDATO,,S-02/CSV|S-03/PDF-publicado|S-03/PDF-complementar,ALTA,SIM
PROD-0054,BI002,BI002,BICO PULVERIZADOR,Bicos pulverizadores,FAM-014,Pulverização e sistemas de fluido,pulverização,Avicultura,,,,VERDE LEQUE 80015 BD,,VERDE LEQUE 80015 BD,IMG-0141,EM_QUARENTENA,CONFLITO,COMPLETO,NAO,divergencia DIV-0105,S-02/CSV|S-03/PDF-publicado|S-03/PDF-complementar,BAIXA,SIM
PROD-0055,BI003,BI003,BICO PULVERIZADOR,Bicos pulverizadores,FAM-014,Pulverização e sistemas de fluido,pulverização,Avicultura,,,,VERMELHO TX-VK6°,,VERMELHO TX-VK6°,,AUSENTE_USA_PLACEHOLDER,CONFLITO,COMPLETO,NAO,divergencia DIV-0106,S-02/CSV|S-03/PDF-publicado|S-03/PDF-complementar,BAIXA,SIM
PROD-0056,BI004,BI004,BICO PULVERIZADOR,Bicos pulverizadores,FAM-014,Pulverização e sistemas de fluido,pulverização,Avicultura,,,,LARANJA LEQUE 8001 BD,,LARANJA LEQUE 8001 BD,,AUSENTE_USA_PLACEHOLDER,CONFLITO,COMPLETO,NAO,divergencia DIV-0107,S-02/CSV|S-03/PDF-publicado|S-03/PDF-complementar,BAIXA,SIM
PROD-0057,BI005,BI005,BICO PULVERIZADOR,Bicos pulverizadores,FAM-014,Pulverização e sistemas de fluido,pulverização,Avicultura,,,,AMARELO LEQUE 8002 BD,,AMARELO LEQUE 8002 BD,,AUSENTE_USA_PLACEHOLDER,CONFLITO,COMPLETO,NAO,divergencia DIV-0108,S-02/CSV|S-03/PDF-publicado|S-03/PDF-complementar,BAIXA,SIM
PROD-0058,BI006,BI006,BICO PULVERIZADOR,Bicos pulverizadores,FAM-014,Pulverização e sistemas de fluido,pulverização,Avicultura,,,,AZUL CONE CHEIO,,AZUL CONE CHEIO,,AUSENTE_USA_PLACEHOLDER,CONFLITO,COMPLETO,NAO,divergencia DIV-0109,S-02/CSV|S-03/PDF-publicado|S-03/PDF-complementar,BAIXA,SIM
PROD-0059,BI007,BI007,BICO PULVERIZADOR,Bicos pulverizadores,FAM-014,Pulverização e sistemas de fluido,pulverização,Avicultura,,,,LARANJA RC 80°,,LARANJA RC 80°,,AUSENTE_USA_PLACEHOLDER,UNICO,COMPLETO,CANDIDATO,,S-02/CSV,MEDIA,SIM
PROD-0060,BI999,,BICO PULVERIZADOR,Bicos pulverizadores,FAM-014,Pulverização e sistemas de fluido,pulverização,Avicultura,,,,DIVERSOS - CONSULTAR,,DIVERSOS - CONSULTAR,,AUSENTE_USA_PLACEHOLDER,CONFLITO,COMPLETO,NAO,divergencia DIV-0110; nao e SKU: item 'DIVERSOS - CONSULTAR' vira CTA (D-040),S-02/CSV|S-03/PDF-publicado|S-03/PDF-complementar,BAIXA,SIM
PROD-0153,TB001,TB001,TUBO SILICONE SPRAY,Tubulações e mangueiras,FAM-015,Pulverização e sistemas de fluido,circulação de fluidos,Avicultura,,,,,,,"IMG-0033,IMG-0097,IMG-0169",EM_QUARENTENA,UNICO,INCOMPLETO,CANDIDATO,,S-02/CSV|S-03/PDF-publicado|S-03/PDF-complementar,ALTA,SIM
PROD-0154,TB003,TB003,TUBULAÇÃO PU CRISTAL,Tubulações e mangueiras,FAM-015,Pulverização e sistemas de fluido,circulação de fluidos,Avicultura,,,,10 MM,,10 MM,"IMG-0034,IMG-0170",EM_QUARENTENA,UNICO,COMPLETO,CANDIDATO,,S-02/CSV|S-03/PDF-publicado|S-03/PDF-complementar,ALTA,SIM
PROD-0155,TB004,TB004,TUBULAÇÃO PU CRISTAL,Tubulações e mangueiras,FAM-015,Pulverização e sistemas de fluido,circulação de fluidos,Avicultura,,,,6 MM,,6 MM,"IMG-0035,IMG-0098",EM_QUARENTENA,UNICO,COMPLETO,CANDIDATO,,S-02/CSV|S-03/PDF-publicado|S-03/PDF-complementar,ALTA,SIM
PROD-0156,TB005,TB005,TUBULAÇÃO SILICONE 8 MM,Tubulações e mangueiras,FAM-015,Pulverização e sistemas de fluido,circulação de fluidos,Avicultura,,,,,,,"IMG-0036,IMG-0171",EM_QUARENTENA,UNICO,INCOMPLETO,CANDIDATO,,S-02/CSV|S-03/PDF-publicado|S-03/PDF-complementar,ALTA,SIM
PROD-0157,TB007,TB007,TUBULAÇÃO PU CRISTAL,Tubulações e mangueiras,FAM-015,Pulverização e sistemas de fluido,circulação de fluidos,Avicultura,,,,12 MM,,12 MM,IMG-0099,EM_QUARENTENA,UNICO,COMPLETO,CANDIDATO,,S-02/CSV|S-03/PDF-publicado|S-03/PDF-complementar,ALTA,SIM
PROD-0075,CN001,CN001,,Conexões em L,FAM-016,Pulverização e sistemas de fluido,circulação de fluidos,Avicultura,,,,L 1/2 TB 10MM,,L 1/2 TB 10MM,,AUSENTE_USA_PLACEHOLDER,UNICO,INCOMPLETO,NAO,sem nome em qualquer fonte,S-03/PDF-complementar,MEDIA,SIM
PROD-0076,CN002,CN002,,Conexões em L,FAM-016,Pulverização e sistemas de fluido,circulação de fluidos,Avicultura,,,,L 1/4 TB 10MM C/ ABA,,L 1/4 TB 10MM C/ ABA,,AUSENTE_USA_PLACEHOLDER,UNICO,INCOMPLETO,NAO,sem nome em qualquer fonte,S-03/PDF-complementar,MEDIA,SIM
PROD-0077,CN003,CN003,,Conexões em L,FAM-016,Pulverização e sistemas de fluido,circulação de fluidos,Avicultura,,,,L 1/4 TB 6 MM C/ ABA,,L 1/4 TB 6 MM C/ ABA,,AUSENTE_USA_PLACEHOLDER,UNICO,INCOMPLETO,NAO,sem nome em qualquer fonte,S-03/PDF-complementar,MEDIA,SIM
PROD-0078,CN004,CN004,,Conexões em L,FAM-016,Pulverização e sistemas de fluido,circulação de fluidos,Avicultura,,,,"L 1/8 X 4,5 MM",,"L 1/8 X 4,5 MM",,AUSENTE_USA_PLACEHOLDER,UNICO,INCOMPLETO,NAO,sem nome em qualquer fonte,S-03/PDF-complementar,MEDIA,SIM
PROD-0079,CN005,CN005,,Conexões em L,FAM-016,Pulverização e sistemas de fluido,circulação de fluidos,Avicultura,,,,L 1/8 TB 6MM C/ ABA,,L 1/8 TB 6MM C/ ABA,,AUSENTE_USA_PLACEHOLDER,UNICO,INCOMPLETO,NAO,sem nome em qualquer fonte,S-03/PDF-complementar,MEDIA,SIM
PROD-0080,CN006,CN006,,Conexões em L,FAM-016,Pulverização e sistemas de fluido,circulação de fluidos,Avicultura,,,,"L 1/8 X 4,5 MM",,"L 1/8 X 4,5 MM",,AUSENTE_USA_PLACEHOLDER,UNICO,INCOMPLETO,NAO,sem nome em qualquer fonte,S-03/PDF-complementar,MEDIA,SIM
PROD-0081,CN007,CN007,,Conexões em L,FAM-016,Pulverização e sistemas de fluido,circulação de fluidos,Avicultura,,,,L 3/8 TB 6MM C/ ABA,,L 3/8 TB 6MM C/ ABA,,AUSENTE_USA_PLACEHOLDER,UNICO,INCOMPLETO,NAO,sem nome em qualquer fonte,S-03/PDF-complementar,MEDIA,SIM
PROD-0082,CN008,CN008,,Conexões em L,FAM-016,Pulverização e sistemas de fluido,circulação de fluidos,Avicultura,,,,L 3/8 X TB 10MM,,L 3/8 X TB 10MM,,AUSENTE_USA_PLACEHOLDER,UNICO,INCOMPLETO,NAO,sem nome em qualquer fonte,S-03/PDF-complementar,MEDIA,SIM
PROD-0093,CN019,CN019,,Conexões em L,FAM-016,Pulverização e sistemas de fluido,circulação de fluidos,Avicultura,,,,L 1/4 TB 12 MM,,L 1/4 TB 12 MM,,AUSENTE_USA_PLACEHOLDER,UNICO,INCOMPLETO,NAO,sem nome em qualquer fonte,S-03/PDF-complementar,MEDIA,SIM
PROD-0083,CN009,CN009,,Conexões retas e passa-muros,FAM-017,Pulverização e sistemas de fluido,circulação de fluidos,Avicultura,,,,1/2 M TUBO 10 MM,,1/2 M TUBO 10 MM,,AUSENTE_USA_PLACEHOLDER,UNICO,INCOMPLETO,NAO,sem nome em qualquer fonte,S-03/PDF-complementar,MEDIA,SIM
PROD-0084,CN010,CN010,,Conexões retas e passa-muros,FAM-017,Pulverização e sistemas de fluido,circulação de fluidos,Avicultura,,,,1/8 TB 6MM C/ ABA,,1/8 TB 6MM C/ ABA,,AUSENTE_USA_PLACEHOLDER,UNICO,INCOMPLETO,NAO,sem nome em qualquer fonte,S-03/PDF-complementar,MEDIA,SIM
PROD-0085,CN011,CN011,,Conexões retas e passa-muros,FAM-017,Pulverização e sistemas de fluido,circulação de fluidos,Avicultura,,,,1/8 X TB 6MM FEMEA,,1/8 X TB 6MM FEMEA,,AUSENTE_USA_PLACEHOLDER,UNICO,INCOMPLETO,NAO,sem nome em qualquer fonte,S-03/PDF-complementar,MEDIA,SIM
PROD-0087,CN013,CN013,,Conexões retas e passa-muros,FAM-017,Pulverização e sistemas de fluido,circulação de fluidos,Avicultura,,,,M5 TB 6 MM LISA,,M5 TB 6 MM LISA,,AUSENTE_USA_PLACEHOLDER,UNICO,INCOMPLETO,NAO,sem nome em qualquer fonte,S-03/PDF-complementar,MEDIA,SIM
PROD-0090,CN016,CN016,,Conexões retas e passa-muros,FAM-017,Pulverização e sistemas de fluido,circulação de fluidos,Avicultura,,,,1/4 TUBO 10MM,,1/4 TUBO 10MM,,AUSENTE_USA_PLACEHOLDER,UNICO,INCOMPLETO,NAO,sem nome em qualquer fonte,S-03/PDF-complementar,MEDIA,SIM
PROD-0091,CN017,CN017,,Conexões retas e passa-muros,FAM-017,Pulverização e sistemas de fluido,circulação de fluidos,Avicultura,,,,TUBO 6 MM,,TUBO 6 MM,,AUSENTE_USA_PLACEHOLDER,UNICO,INCOMPLETO,NAO,sem nome em qualquer fonte,S-03/PDF-complementar,MEDIA,SIM
PROD-0092,CN018,CN018,,Conexões retas e passa-muros,FAM-017,Pulverização e sistemas de fluido,circulação de fluidos,Avicultura,,,,TUBO 6 MM,,TUBO 6 MM,,AUSENTE_USA_PLACEHOLDER,UNICO,INCOMPLETO,NAO,sem nome em qualquer fonte,S-03/PDF-complementar,MEDIA,SIM
PROD-0094,CN020,CN020,,Conexões retas e passa-muros,FAM-017,Pulverização e sistemas de fluido,circulação de fluidos,Avicultura,,,,1/4 TB 12MM,,1/4 TB 12MM,,AUSENTE_USA_PLACEHOLDER,UNICO,INCOMPLETO,NAO,sem nome em qualquer fonte,S-03/PDF-complementar,MEDIA,SIM
PROD-0095,CN021,CN021,,Conexões retas e passa-muros,FAM-017,Pulverização e sistemas de fluido,circulação de fluidos,Avicultura,,,,1/4TB,,1/4TB,,AUSENTE_USA_PLACEHOLDER,UNICO,INCOMPLETO,NAO,sem nome em qualquer fonte,S-03/PDF-complementar,MEDIA,SIM
PROD-0089,CN015,CN015,,Conexões em T,FAM-018,Pulverização e sistemas de fluido,circulação de fluidos,Avicultura,,,,T 1/2,,T 1/2,,AUSENTE_USA_PLACEHOLDER,UNICO,INCOMPLETO,NAO,sem nome em qualquer fonte,S-03/PDF-complementar,MEDIA,SIM
PROD-0086,CN012,CN012,,Conexões não identificadas,FAM-019,Pulverização e sistemas de fluido,,Avicultura,,,,,,,,AUSENTE_USA_PLACEHOLDER,UNICO,INCOMPLETO,NAO,sem nome em qualquer fonte,S-03/PDF-complementar,MEDIA,SIM
PROD-0088,CN014,CN014,,Conexões não identificadas,FAM-019,Pulverização e sistemas de fluido,,Avicultura,,,,,,,,AUSENTE_USA_PLACEHOLDER,UNICO,INCOMPLETO,NAO,sem nome em qualquer fonte,S-03/PDF-complementar,MEDIA,SIM
PROD-0096,CN026,CN026,,Conexões não identificadas,FAM-019,Pulverização e sistemas de fluido,,Avicultura,,,,,,,,AUSENTE_USA_PLACEHOLDER,UNICO,INCOMPLETO,NAO,sem nome em qualquer fonte,S-03/PDF-complementar,MEDIA,SIM
PROD-0064,BT001,BT001,,Sistemas de pulverização (carrinho e galpão),FAM-020,Pulverização e sistemas de fluido,pulverização,Avicultura,,,,SPRAY CARRINHO,,SPRAY CARRINHO,,AUSENTE_USA_PLACEHOLDER,UNICO,INCOMPLETO,NAO,sem nome em qualquer fonte,S-03/PDF-complementar,MEDIA,SIM
PROD-0065,BT002,BT002,,Sistemas de pulverização (carrinho e galpão),FAM-020,Pulverização e sistemas de fluido,pulverização,Avicultura,,,,SPRAY GALPÃO,,SPRAY GALPÃO,,AUSENTE_USA_PLACEHOLDER,UNICO,INCOMPLETO,NAO,sem nome em qualquer fonte,S-03/PDF-complementar,MEDIA,SIM
PROD-0061,BO001,BO001,,Bombas,FAM-021,Pulverização e sistemas de fluido,,Avicultura,,,,,,,,AUSENTE_USA_PLACEHOLDER,UNICO,INCOMPLETO,NAO,sem nome em qualquer fonte,S-03/PDF-complementar,MEDIA,SIM
PROD-0062,BO002,BO002,,Bombas,FAM-021,Pulverização e sistemas de fluido,,Avicultura,,,,,,,,AUSENTE_USA_PLACEHOLDER,UNICO,INCOMPLETO,NAO,sem nome em qualquer fonte,S-03/PDF-complementar,MEDIA,SIM
PROD-0063,BO003,BO003,,Bombas,FAM-021,Pulverização e sistemas de fluido,,Avicultura,,,,,,,,AUSENTE_USA_PLACEHOLDER,UNICO,INCOMPLETO,NAO,sem nome em qualquer fonte,S-03/PDF-complementar,MEDIA,SIM
PROD-0037,BA003,BA003,BALANÇA DIGITAL SUSPENSA COM LUZ RETROVISORA,Balanças suspensas e dinamômetros para aves,FAM-022,"Pesagem, medição e controle",pesagem,Avicultura,,,,40 KG,,40 KG,"IMG-0062,IMG-0131",EM_QUARENTENA,UNICO,COMPLETO,CANDIDATO,,S-02/CSV|S-03/PDF-publicado,ALTA,SIM
PROD-0038,BA004,BA004,BALANÇA DIGITAL SUSPENSA COM LUZ RETROVISORA,Balanças suspensas e dinamômetros para aves,FAM-022,"Pesagem, medição e controle",pesagem,Avicultura,,,,50 KG,,50 KG,IMG-0063,EM_QUARENTENA,UNICO,COMPLETO,CANDIDATO,,S-02/CSV|S-03/PDF-publicado,ALTA,SIM
PROD-0042,BA008,BA008,BALANÇA S DINAMÔMETRO AVES,Balanças suspensas e dinamômetros para aves,FAM-022,"Pesagem, medição e controle",pesagem,Avicultura,,,,5 KG / 20 GR,,5 KG / 20 GR,IMG-0134,EM_QUARENTENA,UNICO,COMPLETO,CANDIDATO,,S-02/CSV|S-03/PDF-publicado|S-03/PDF-complementar,ALTA,SIM
PROD-0039,BA005,BA005,BALANCA ELETRONICA PARA AVES,Balanças eletrônicas para aves,FAM-023,"Pesagem, medição e controle",pesagem,Avicultura,,,,10 KG / 10 GR,,10 KG / 10 GR,"IMG-0011,IMG-0132",EM_QUARENTENA,UNICO,COMPLETO,CANDIDATO,,S-02/CSV|S-03/PDF-publicado|S-03/PDF-complementar,ALTA,SIM
PROD-0040,BA006,BA006,BALANCA ELETRONICA PARA AVES,Balanças eletrônicas para aves,FAM-023,"Pesagem, medição e controle",pesagem,Avicultura,,,,5 KG / 5 GR,,5 KG / 5 GR,"IMG-0012,IMG-0064",EM_QUARENTENA,UNICO,COMPLETO,CANDIDATO,,S-02/CSV|S-03/PDF-publicado|S-03/PDF-complementar,ALTA,SIM
PROD-0043,BA009,BA009,BALANCA ELETRONICA PARA AVES,Balanças eletrônicas para aves,FAM-023,"Pesagem, medição e controle",pesagem,Avicultura,,,,15 KG / 20 GR,,15 KG / 20 GR,IMG-0065,EM_QUARENTENA,UNICO,COMPLETO,CANDIDATO,,S-02/CSV|S-03/PDF-publicado|S-03/PDF-complementar,ALTA,SIM
PROD-0044,BA010,BA010,BALANCA ELETRONICA PARA AVES,Balanças eletrônicas para aves,FAM-023,"Pesagem, medição e controle",pesagem,Avicultura,,,,50 KG / 50 GR,,50 KG / 50 GR,"IMG-0013,IMG-0066",EM_QUARENTENA,UNICO,COMPLETO,CANDIDATO,,S-02/CSV|S-03/PDF-publicado|S-03/PDF-complementar,ALTA,SIM
PROD-0047,BA013,BA013,BALANCA ELETRONICA PARA AVES,Balanças eletrônicas para aves,FAM-023,"Pesagem, medição e controle",pesagem,Avicultura,,,,50 KG / 20 GR,,50 KG / 20 GR,IMG-0015,EM_QUARENTENA,UNICO,COMPLETO,CANDIDATO,,S-02/CSV|S-03/PDF-publicado,ALTA,SIM
PROD-0041,BA007,BA007,BALANÇA ELETRÔNICA PARA OVOS,Balanças para ovos,FAM-024,"Pesagem, medição e controle",pesagem,Avicultura,,,,"120GR/0,1GR",,"120GR/0,1GR",IMG-0133,EM_QUARENTENA,UNICO,COMPLETO,CANDIDATO,,S-02/CSV|S-03/PDF-publicado|S-03/PDF-complementar,ALTA,SIM
PROD-0045,BA011,BA011,MINI BALANÇA ELETRONICA PARA OVOS,Balanças para ovos,FAM-024,"Pesagem, medição e controle",pesagem,Avicultura,,,,"500GR/0,1GR",,"500GR/0,1GR","IMG-0014,IMG-0135",EM_QUARENTENA,UNICO,COMPLETO,CANDIDATO,,S-02/CSV,MEDIA,SIM
PROD-0048,BA014,BA014,BALANÇA ELETRÔNICA PARA OVOS ALTA PRECISÃO,Balanças para ovos,FAM-024,"Pesagem, medição e controle",pesagem,Avicultura,,,,500G,,500G,"IMG-0016,IMG-0067,IMG-0137",EM_QUARENTENA,UNICO,COMPLETO,CANDIDATO,,S-02/CSV|S-03/PDF-publicado,ALTA,SIM
PROD-0046,BA012,BA012,MINI BALANÇA DIGITAL DE BOLSO E ALTA PRECISÃO,Balanças de precisão de bolso,FAM-025,"Pesagem, medição e controle",pesagem,Avicultura,,,,100 G,,100 G,IMG-0136,EM_QUARENTENA,UNICO,COMPLETO,CANDIDATO,,S-02/CSV|S-03/PDF-publicado,ALTA,SIM
PROD-0158,TE001,TE001,TERMÔMETRO DIGITAL PARA VACINA,Termômetros,FAM-026,"Pesagem, medição e controle",controle de temperatura,Avicultura,,,,,,,"IMG-0037,IMG-0100,IMG-0172",EM_QUARENTENA,UNICO,INCOMPLETO,CANDIDATO,,S-02/CSV|S-03/PDF-publicado,ALTA,SIM
PROD-0159,TE002,TE002,TERMÔMETRO DIGITAL AMBIENTE,Termômetros,FAM-026,"Pesagem, medição e controle",controle de temperatura,Avicultura,,,,,,,IMG-0173,EM_QUARENTENA,UNICO,INCOMPLETO,CANDIDATO,,S-02/CSV|S-03/PDF-publicado,ALTA,SIM
PROD-0160,TE003,TE003,TERMÔMETRO PARA AVES,Termômetros,FAM-026,"Pesagem, medição e controle",controle de temperatura,Avicultura,,,,,,,"IMG-0038,IMG-0174",EM_QUARENTENA,UNICO,INCOMPLETO,CANDIDATO,,S-02/CSV,MEDIA,SIM
PROD-0161,TE004,TE004,TERMÔMETRO TIPO ESPETO PARA AVES,Termômetros,FAM-026,"Pesagem, medição e controle",controle de temperatura,Avicultura,,,,,,,"IMG-0039,IMG-0175",EM_QUARENTENA,UNICO,INCOMPLETO,CANDIDATO,,S-02/CSV,MEDIA,SIM
PROD-0164,VR003,VR003,ESTOJO DE TESTES PH E CL,Medidores e testes de qualidade da água,FAM-027,"Pesagem, medição e controle",qualidade da água,Avicultura,,,,,,,"IMG-0042,IMG-0103,IMG-0178",EM_QUARENTENA,UNICO,INCOMPLETO,CANDIDATO,,S-02/CSV|S-03/PDF-publicado,ALTA,SIM
PROD-0165,VR004,VR004,FITA TESTE CLORO - 100 UN,Medidores e testes de qualidade da água,FAM-027,"Pesagem, medição e controle",qualidade da água,Avicultura,,,,,,,"IMG-0043,IMG-0104,IMG-0179",EM_QUARENTENA,UNICO,INCOMPLETO,CANDIDATO,,S-02/CSV|S-03/PDF-publicado,ALTA,SIM
PROD-0172,VR011,VR011,PHMETRO COM MEDIDOR DE TEMPERATURA,Medidores e testes de qualidade da água,FAM-027,"Pesagem, medição e controle",qualidade da água,Avicultura,,,,,,,"IMG-0048,IMG-0186",EM_QUARENTENA,UNICO,INCOMPLETO,CANDIDATO,,S-02/CSV,MEDIA,SIM
PROD-0162,VR001,VR001,FITA TESTE DE AMÔNIA C/ 50 FITAS,Testes de qualidade do ambiente,FAM-028,"Pesagem, medição e controle",qualidade do ambiente,Avicultura,,,,,,,"IMG-0040,IMG-0101,IMG-0176",EM_QUARENTENA,UNICO,INCOMPLETO,CANDIDATO,,S-02/CSV|S-03/PDF-publicado,ALTA,SIM
PROD-0173,VR012,VR012,LANTERNA PARA OVOSCOPIA,Equipamentos para ovoscopia,FAM-029,"Pesagem, medição e controle",ovoscopia,Avicultura,,,,,,,"IMG-0049,IMG-0187",EM_QUARENTENA,UNICO,INCOMPLETO,CANDIDATO,,S-02/CSV,MEDIA,SIM
PROD-0174,VR013,VR013,CÂMERA TERMOGRAFICA PARA AVES,Câmeras termográficas,FAM-030,"Pesagem, medição e controle",monitoramento,Avicultura,,,,,,,"IMG-0050,IMG-0188",EM_QUARENTENA,UNICO,INCOMPLETO,CANDIDATO,,S-02/CSV,MEDIA,SIM
PROD-0101,LM001,LM001,LAMINA RETA BC,Lâminas para debicagem,FAM-031,"Peças, reposição e automação",debicagem,Avicultura,,,,,,,IMG-0152,EM_QUARENTENA,UNICO,INCOMPLETO,CANDIDATO,,S-02/CSV|S-03/PDF-publicado|S-03/PDF-complementar,ALTA,SIM
PROD-0102,LM002,LM002,LAMINA DE REPASSE KH,Lâminas para debicagem,FAM-031,"Peças, reposição e automação",debicagem,Avicultura,,,,,,,"IMG-0021,IMG-0153",EM_QUARENTENA,UNICO,INCOMPLETO,CANDIDATO,,S-02/CSV|S-03/PDF-publicado|S-03/PDF-complementar,ALTA,SIM
PROD-0103,LM003,LM003,LAMINA EM CORTE V,Lâminas para debicagem,FAM-031,"Peças, reposição e automação",debicagem,Avicultura,,,,,,,"IMG-0081,IMG-0154",EM_QUARENTENA,UNICO,INCOMPLETO,CANDIDATO,,S-02/CSV|S-03/PDF-publicado|S-03/PDF-complementar,ALTA,SIM
PROD-0104,PE004,PE004,,Peças e componentes — não identificados,FAM-032,"Peças, reposição e automação",,Avicultura,,,,,,,,AUSENTE_USA_PLACEHOLDER,UNICO,INCOMPLETO,NAO,sem nome em qualquer fonte,S-03/PDF-complementar,MEDIA,SIM
PROD-0105,PE006,PE006,,Peças e componentes — não identificados,FAM-032,"Peças, reposição e automação",,Avicultura,,,,,,,,AUSENTE_USA_PLACEHOLDER,UNICO,INCOMPLETO,NAO,sem nome em qualquer fonte,S-03/PDF-complementar,MEDIA,SIM
PROD-0106,PE007,PE007,,Peças e componentes — não identificados,FAM-032,"Peças, reposição e automação",,Avicultura,,,,,,,,AUSENTE_USA_PLACEHOLDER,UNICO,INCOMPLETO,NAO,sem nome em qualquer fonte,S-03/PDF-complementar,MEDIA,SIM
PROD-0107,PE008,PE008,,Peças e componentes — não identificados,FAM-032,"Peças, reposição e automação",,Avicultura,,,,,,,,AUSENTE_USA_PLACEHOLDER,UNICO,INCOMPLETO,NAO,sem nome em qualquer fonte,S-03/PDF-complementar,MEDIA,SIM
PROD-0108,PE009,PE009,,Peças e componentes — não identificados,FAM-032,"Peças, reposição e automação",,Avicultura,,,,,,,,AUSENTE_USA_PLACEHOLDER,UNICO,INCOMPLETO,NAO,sem nome em qualquer fonte,S-03/PDF-complementar,MEDIA,SIM
PROD-0109,PE010,PE010,,Peças e componentes — não identificados,FAM-032,"Peças, reposição e automação",,Avicultura,,,,,,,,AUSENTE_USA_PLACEHOLDER,UNICO,INCOMPLETO,NAO,sem nome em qualquer fonte,S-03/PDF-complementar,MEDIA,SIM
PROD-0110,PE013,PE013,,Peças e componentes — não identificados,FAM-032,"Peças, reposição e automação",,Avicultura,,,,,,,,AUSENTE_USA_PLACEHOLDER,UNICO,INCOMPLETO,NAO,sem nome em qualquer fonte,S-03/PDF-complementar,MEDIA,SIM
PROD-0111,PE016,PE016,,Peças e componentes — não identificados,FAM-032,"Peças, reposição e automação",,Avicultura,,,,,,,,AUSENTE_USA_PLACEHOLDER,UNICO,INCOMPLETO,NAO,sem nome em qualquer fonte,S-03/PDF-complementar,MEDIA,SIM
PROD-0112,PE028,PE028,,Peças e componentes — não identificados,FAM-032,"Peças, reposição e automação",,Avicultura,,,,06 MM,,06 MM,,AUSENTE_USA_PLACEHOLDER,UNICO,INCOMPLETO,NAO,sem nome em qualquer fonte,S-03/PDF-complementar,MEDIA,SIM
PROD-0113,PE029,PE029,,Peças e componentes — não identificados,FAM-032,"Peças, reposição e automação",,Avicultura,,,,10 MM,,10 MM,,AUSENTE_USA_PLACEHOLDER,UNICO,INCOMPLETO,NAO,sem nome em qualquer fonte,S-03/PDF-complementar,MEDIA,SIM
PROD-0114,PE030,PE030,,Peças e componentes — não identificados,FAM-032,"Peças, reposição e automação",,Avicultura,,,,,,,,AUSENTE_USA_PLACEHOLDER,UNICO,INCOMPLETO,NAO,sem nome em qualquer fonte,S-03/PDF-complementar,MEDIA,SIM
PROD-0115,PE031,PE031,,Peças e componentes — não identificados,FAM-032,"Peças, reposição e automação",,Avicultura,,,,,,,,AUSENTE_USA_PLACEHOLDER,UNICO,INCOMPLETO,NAO,sem nome em qualquer fonte,S-03/PDF-complementar,MEDIA,SIM
PROD-0116,PE037,PE037,,Peças e componentes — não identificados,FAM-032,"Peças, reposição e automação",,Avicultura,,,,,,,,AUSENTE_USA_PLACEHOLDER,UNICO,INCOMPLETO,NAO,sem nome em qualquer fonte,S-03/PDF-complementar,MEDIA,SIM
PROD-0117,PE039,PE039,,Peças e componentes — não identificados,FAM-032,"Peças, reposição e automação",,Avicultura,,,,,,,,AUSENTE_USA_PLACEHOLDER,UNICO,INCOMPLETO,NAO,sem nome em qualquer fonte,S-03/PDF-complementar,MEDIA,SIM
PROD-0118,PE041,PE041,,Peças e componentes — não identificados,FAM-032,"Peças, reposição e automação",,Avicultura,,,,,,,,AUSENTE_USA_PLACEHOLDER,UNICO,INCOMPLETO,NAO,sem nome em qualquer fonte,S-03/PDF-complementar,MEDIA,SIM
PROD-0119,PE045,PE045,,Peças e componentes — não identificados,FAM-032,"Peças, reposição e automação",,Avicultura,,,,,,,,AUSENTE_USA_PLACEHOLDER,UNICO,INCOMPLETO,NAO,sem nome em qualquer fonte,S-03/PDF-complementar,MEDIA,SIM
PROD-0120,PE047,PE047,,Peças e componentes — não identificados,FAM-032,"Peças, reposição e automação",,Avicultura,,,,,,,,AUSENTE_USA_PLACEHOLDER,UNICO,INCOMPLETO,NAO,sem nome em qualquer fonte,S-03/PDF-complementar,MEDIA,SIM
PROD-0121,PE048,PE048,,Peças e componentes — não identificados,FAM-032,"Peças, reposição e automação",,Avicultura,,,,,,,,AUSENTE_USA_PLACEHOLDER,UNICO,INCOMPLETO,NAO,sem nome em qualquer fonte,S-03/PDF-complementar,MEDIA,SIM
PROD-0122,PE062,PE062,,Peças e componentes — não identificados,FAM-032,"Peças, reposição e automação",,Avicultura,,,,,,,,AUSENTE_USA_PLACEHOLDER,UNICO,INCOMPLETO,NAO,sem nome em qualquer fonte,S-03/PDF-complementar,MEDIA,SIM
PROD-0123,PE063,PE063,,Peças e componentes — não identificados,FAM-032,"Peças, reposição e automação",,Avicultura,,,,,,,,AUSENTE_USA_PLACEHOLDER,UNICO,INCOMPLETO,NAO,sem nome em qualquer fonte,S-03/PDF-complementar,MEDIA,SIM
PROD-0124,PE064,PE064,,Peças e componentes — não identificados,FAM-032,"Peças, reposição e automação",,Avicultura,,,,,,,,AUSENTE_USA_PLACEHOLDER,UNICO,INCOMPLETO,NAO,sem nome em qualquer fonte,S-03/PDF-complementar,MEDIA,SIM
PROD-0125,PE065,PE065,,Peças e componentes — não identificados,FAM-032,"Peças, reposição e automação",,Avicultura,,,,,,,,AUSENTE_USA_PLACEHOLDER,UNICO,INCOMPLETO,NAO,sem nome em qualquer fonte,S-03/PDF-complementar,MEDIA,SIM
PROD-0126,PE066,PE066,,Peças e componentes — não identificados,FAM-032,"Peças, reposição e automação",,Avicultura,,,,,,,,AUSENTE_USA_PLACEHOLDER,UNICO,INCOMPLETO,NAO,sem nome em qualquer fonte,S-03/PDF-complementar,MEDIA,SIM
PROD-0127,PE075,PE075,,Peças e componentes — não identificados,FAM-032,"Peças, reposição e automação",,Avicultura,,,,,,,IMG-0082,EM_QUARENTENA,UNICO,INCOMPLETO,NAO,sem nome em qualquer fonte,S-03/PDF-publicado|S-03/PDF-complementar,ALTA,SIM
PROD-0128,PE076,PE076,,Peças e componentes — não identificados,FAM-032,"Peças, reposição e automação",,Avicultura,,,,,,,IMG-0083,EM_QUARENTENA,UNICO,INCOMPLETO,NAO,sem nome em qualquer fonte,S-03/PDF-publicado|S-03/PDF-complementar,ALTA,SIM
PROD-0129,PE077,PE077,,Peças e componentes — não identificados,FAM-032,"Peças, reposição e automação",,Avicultura,,,,,,,,AUSENTE_USA_PLACEHOLDER,UNICO,INCOMPLETO,NAO,sem nome em qualquer fonte,S-03/PDF-publicado|S-03/PDF-complementar,ALTA,SIM
PROD-0130,PE078,PE078,,Peças e componentes — não identificados,FAM-032,"Peças, reposição e automação",,Avicultura,,,,,,,IMG-0084,EM_QUARENTENA,UNICO,INCOMPLETO,NAO,sem nome em qualquer fonte,S-03/PDF-publicado|S-03/PDF-complementar,ALTA,SIM
PROD-0131,PE079,PE079,,Peças e componentes — não identificados,FAM-032,"Peças, reposição e automação",,Avicultura,,,,,,,IMG-0085,EM_QUARENTENA,UNICO,INCOMPLETO,NAO,sem nome em qualquer fonte,S-03/PDF-publicado|S-03/PDF-complementar,ALTA,SIM
PROD-0049,BB001,BB001,BEBEDOUROS PARA AVES COM GANCHO DE METAL,Bebedouros pendulares para aves,FAM-033,"Manejo, alimentação e biossegurança",hidratação,Avicultura,,,,10 L,,10 L,"IMG-0068,IMG-0138",EM_QUARENTENA,UNICO,COMPLETO,CANDIDATO,,S-02/CSV|S-03/PDF-publicado,ALTA,SIM
PROD-0050,BB002,BB002,BEBEDOUROS PARA AVES COM GANCHO DE METAL,Bebedouros pendulares para aves,FAM-033,"Manejo, alimentação e biossegurança",hidratação,Avicultura,,,,6 L,,6 L,IMG-0069,EM_QUARENTENA,UNICO,COMPLETO,CANDIDATO,,S-02/CSV|S-03/PDF-publicado,ALTA,SIM
PROD-0051,BB003,BB003,BEBEDOUROS PARA AVES COM GANCHO PLÁSTICO,Bebedouros pendulares para aves,FAM-033,"Manejo, alimentação e biossegurança",hidratação,Avicultura,,,,"1,5 L",,"1,5 L","IMG-0070,IMG-0139",EM_QUARENTENA,UNICO,COMPLETO,CANDIDATO,,S-02/CSV|S-03/PDF-publicado,ALTA,SIM
PROD-0052,BB004,BB004,BEBEDOUROS PARA AVES COM GANCHO PLÁSTICO,Bebedouros pendulares para aves,FAM-033,"Manejo, alimentação e biossegurança",hidratação,Avicultura,,,,3 L,,3 L,IMG-0071,EM_QUARENTENA,UNICO,COMPLETO,CANDIDATO,,S-02/CSV|S-03/PDF-publicado,ALTA,SIM
PROD-0097,CO001,CO001,COMEDOURO PARA AVES COM GANCHO PLÁSTICO,Comedouros para aves,FAM-034,"Manejo, alimentação e biossegurança",alimentação,Avicultura,,,,"1,5 KG",,"1,5 KG","IMG-0080,IMG-0151",EM_QUARENTENA,UNICO,COMPLETO,CANDIDATO,,S-02/CSV|S-03/PDF-publicado,ALTA,SIM
PROD-0098,CO002,CO002,COMEDOURO PARA AVES COM GANCHO PLÁSTICO,Comedouros para aves,FAM-034,"Manejo, alimentação e biossegurança",alimentação,Avicultura,,,,3 KG,,3 KG,,AUSENTE_USA_PLACEHOLDER,UNICO,COMPLETO,CANDIDATO,,S-02/CSV|S-03/PDF-publicado,ALTA,SIM
PROD-0099,CO003,CO003,COMEDOURO PARA AVES COM GANCHO PLÁSTICO,Comedouros para aves,FAM-034,"Manejo, alimentação e biossegurança",alimentação,Avicultura,,,,6 KG,,6 KG,,AUSENTE_USA_PLACEHOLDER,UNICO,COMPLETO,CANDIDATO,,S-02/CSV|S-03/PDF-publicado,ALTA,SIM
PROD-0100,CO004,CO004,COMEDOURO PARA AVES COM GANCHO PLÁSTICO,Comedouros para aves,FAM-034,"Manejo, alimentação e biossegurança",alimentação,Avicultura,,,,9 KG,,9 KG,,AUSENTE_USA_PLACEHOLDER,UNICO,COMPLETO,CANDIDATO,,S-02/CSV|S-03/PDF-publicado,ALTA,SIM
PROD-0168,VR007,VR007,NIPLE BEBEDOURO MEDIA VAZÃO,Niples para bebedouro,FAM-035,"Manejo, alimentação e biossegurança",hidratação,Avicultura,,,,,,,IMG-0182,EM_QUARENTENA,UNICO,INCOMPLETO,CANDIDATO,,S-02/CSV|S-03/PDF-publicado,ALTA,SIM
PROD-0027,AR001,AR001,ARMADILHA PARA ROEDORES,Armadilhas para roedores,FAM-036,"Manejo, alimentação e biossegurança",controle de pragas,Avicultura,,,,,,,"IMG-0001,IMG-0058,IMG-0121",EM_QUARENTENA,UNICO,INCOMPLETO,CANDIDATO,,S-02/CSV|S-03/PDF-publicado,ALTA,SIM
PROD-0029,AR003,AR003,ARMADILHA TÚNEL,Armadilhas para roedores,FAM-036,"Manejo, alimentação e biossegurança",controle de pragas,Avicultura,,,,,,,"IMG-0003,IMG-0060,IMG-0123",EM_QUARENTENA,UNICO,INCOMPLETO,CANDIDATO,,S-02/CSV|S-03/PDF-publicado,ALTA,SIM
PROD-0028,AR002,AR002,ADESIVO PARA ROEDORES,Adesivos e colas para captura,FAM-037,"Manejo, alimentação e biossegurança",controle de pragas,Avicultura,,,,,,,"IMG-0002,IMG-0059,IMG-0122",EM_QUARENTENA,UNICO,INCOMPLETO,CANDIDATO,,S-02/CSV|S-03/PDF-publicado,ALTA,SIM
PROD-0030,AR004,AR004,ADESIVO COLA 450x155MM,Adesivos e colas para captura,FAM-037,"Manejo, alimentação e biossegurança",controle de pragas,Avicultura,,,,,,,"IMG-0004,IMG-0061,IMG-0124",EM_QUARENTENA,UNICO,INCOMPLETO,CANDIDATO,,S-02/CSV|S-03/PDF-publicado,ALTA,SIM
PROD-0171,VR010,VR010,CONTADOR MANUAL PARA AVES,Contadores manuais para aves,FAM-038,"Manejo, alimentação e biossegurança",manejo,Avicultura,,,,,,,"IMG-0109,IMG-0185",EM_QUARENTENA,UNICO,INCOMPLETO,CANDIDATO,,S-02/CSV|S-03/PDF-publicado,ALTA,SIM
PROD-0166,VR005,VR005,SORO FISIOLOGICO 500ML,Consumíveis de assepsia e apoio,FAM-039,"Manejo, alimentação e biossegurança",biossegurança,Avicultura,,,,,,,"IMG-0044,IMG-0105,IMG-0180",EM_QUARENTENA,UNICO,INCOMPLETO,CANDIDATO,,S-02/CSV|S-03/PDF-publicado,ALTA,SIM
PROD-0167,VR006,VR006,GAZE 11 FIOS,Consumíveis de assepsia e apoio,FAM-039,"Manejo, alimentação e biossegurança",biossegurança,Avicultura,,,,,,,"IMG-0045,IMG-0106,IMG-0181",EM_QUARENTENA,UNICO,INCOMPLETO,CANDIDATO,,S-02/CSV|S-03/PDF-publicado,ALTA,SIM
PROD-0170,VR009,VR009,ÁLCOOL SWAB 70% - 100 UN,Consumíveis de assepsia e apoio,FAM-039,"Manejo, alimentação e biossegurança",biossegurança,Avicultura,,,,,,,"IMG-0047,IMG-0108,IMG-0184",EM_QUARENTENA,UNICO,INCOMPLETO,CANDIDATO,,S-02/CSV|S-03/PDF-publicado,ALTA,SIM
PROD-0066,BV001,BV001,BARRA DOSADORA TUBERCULINA,Conjunto para aplicação de tuberculina,FAM-040,Linhas complementares,aplicação,Bovinocultura,,,,,,,"IMG-0072,IMG-0142",EM_QUARENTENA,UNICO,INCOMPLETO,CANDIDATO,,S-02/CSV|S-03/PDF-publicado,ALTA,SIM
PROD-0067,BV002,BV002,KIT DE REPARO TUBERCULINA,Conjunto para aplicação de tuberculina,FAM-040,Linhas complementares,aplicação,Bovinocultura,,,,,,,"IMG-0017,IMG-0073,IMG-0143",EM_QUARENTENA,UNICO,INCOMPLETO,CANDIDATO,,S-02/CSV|S-03/PDF-publicado,ALTA,SIM
PROD-0068,BV003,BV003,CILINDRO GRADUADO TUBERCULINA,Conjunto para aplicação de tuberculina,FAM-040,Linhas complementares,aplicação,Bovinocultura,,,,,,,"IMG-0074,IMG-0144",EM_QUARENTENA,UNICO,INCOMPLETO,CANDIDATO,,S-02/CSV|S-03/PDF-publicado,ALTA,SIM
PROD-0069,BV004,BV004,AGULHA INOX 04 X 08 TUBERCULINA,Conjunto para aplicação de tuberculina,FAM-040,Linhas complementares,aplicação,Bovinocultura,,,,,,,"IMG-0075,IMG-0145",EM_QUARENTENA,UNICO,INCOMPLETO,CANDIDATO,,S-02/CSV|S-03/PDF-publicado,ALTA,SIM
PROD-0070,BV005,BV005,MONITOR FREESTYLE OPTIUM NEO,Monitores e analisadores portáteis,FAM-041,Linhas complementares,monitoramento,Bovinocultura,,,,,,,"IMG-0018,IMG-0076,IMG-0146",EM_QUARENTENA,UNICO,INCOMPLETO,NAO,marca de terceiro no nome (R-05),S-02/CSV|S-03/PDF-publicado,ALTA,SIM
PROD-0071,BV006,BV006,ANALISADOR DE HEMOGLOBINA,Monitores e analisadores portáteis,FAM-041,Linhas complementares,monitoramento,Bovinocultura,,,,,,,"IMG-0019,IMG-0077,IMG-0147",EM_QUARENTENA,UNICO,INCOMPLETO,CANDIDATO,,S-02/CSV|S-03/PDF-publicado,ALTA,SIM
PROD-0072,BV007,BV007,TIRAS MONITORAMENTO CETONA 10UN,Monitores e analisadores portáteis,FAM-041,Linhas complementares,monitoramento,Bovinocultura,,,,,,,"IMG-0020,IMG-0148",EM_QUARENTENA,UNICO,INCOMPLETO,CANDIDATO,,S-02/CSV|S-03/PDF-publicado,ALTA,SIM
PROD-0073,BV008,BV008,SERINGA PARA INSULINA 1ML - 100 UN,Seringas para insulina,FAM-042,Linhas complementares,aplicação,Bovinocultura,,,,,,,"IMG-0078,IMG-0149",EM_QUARENTENA,UNICO,INCOMPLETO,CANDIDATO,,S-02/CSV|S-03/PDF-publicado,ALTA,SIM
PROD-0074,BV009,BV009,IMÃ INTRA RUMINAL,Imãs intra-ruminais,FAM-043,Linhas complementares,manejo,Bovinocultura,,,,,,,"IMG-0079,IMG-0150",EM_QUARENTENA,UNICO,INCOMPLETO,CANDIDATO,,S-02/CSV|S-03/PDF-publicado,ALTA,SIM
